customer_id,first_purchase_date,last_purchase_date,order_count,total_spending,avg_order_value,product_category,website_visits,app_sessions,session_count,email_opens,email_clicks,ad_interactions,coupon_usage,discount_usage,cart_additions,cart_abandonment,product_usage_frequency,customer_support_interactions,customer_lifetime_value,subscription_status,subscription_duration_months,returns_refunds,product_ratings,review_count,signup_date,region,referral_source,last_email_date,preferred_channel
CUST-00000,2024-11-04,2026-08-17,5,563.78,112.76,Beauty,66,27,93,15,1,9,1,0,8,3,9.17,0,711.7,none,0,0,3.94,0,2024-10-25,NJ,direct,2026-07-01,push
CUST-00001,2024-10-17,2026-08-09,7,495.11,70.73,Beauty,35,4,39,26,15,11,1,0,24,17,22.01,0,617.69,active,54,0,4.41,0,2024-10-11,,referral,2026-08-26,sms
CUST-00002,2023-05-19,2026-08-18,47,18602.68,395.8,Home & Garden,318,259,577,59,11,4,6,5,50,3,41.44,0,21215.75,none,0,0,3.79,0,2023-05-16,CA,social_media,2026-08-21,push
CUST-00003,2025-03-10,2026-02-06,6,717.13,119.52,Food,2,0,2,7,1,8,0,0,6,0,28.06,0,1065.56,none,0,0,0.0,0,2025-03-04,WA,organic,2026-08-18,push
CUST-00004,2024-07-30,2026-08-24,7,517.41,73.92,Food,32,38,70,18,3,13,2,2,38,31,31.22,0,544.7,none,0,0,4.02,1,2024-07-01,CO,organic,2026-06-04,email
CUST-00005,2023-04-06,2026-08-20,21,1766.44,84.12,Home & Garden,41,40,81,51,22,11,11,9,22,1,27.91,0,1823.75,inactive,15,2,3.93,2,2023-03-31,CO,google_ads,2026-08-31,email
CUST-00006,2023-08-06,2026-05-18,39,12285.65,315.02,Toys,48,36,84,113,41,7,10,9,39,0,2.04,0,16447.8,active,31,1,4.65,2,2023-08-01,OH,google_ads,2026-07-30,app
CUST-00007,2025-06-08,2026-08-22,13,4516.91,347.45,Books,37,10,47,51,18,6,3,3,19,6,44.13,0,5146.73,none,0,1,4.75,3,2025-06-06,,referral,2026-06-21,sms
CUST-00008,2021-07-29,2026-08-30,46,15879.22,345.2,Beauty,293,190,483,135,28,65,5,4,59,13,32.48,1,21100.41,none,0,0,3.77,3,2021-07-16,PA,email,2026-08-02,push
CUST-00009,2023-02-12,2026-08-31,104,3430.37,32.98,Sports,382,269,651,175,61,100,50,40,130,26,23.5,0,4945.72,none,0,14,5.0,30,2023-01-16,IL,organic,2026-06-30,app
CUST-00010,2022-05-20,2026-04-07,55,7317.19,133.04,Electronics,90,8,98,156,92,15,12,13,58,3,34.85,1,8632.43,inactive,48,6,3.23,15,2022-05-18,FL,email,2026-08-25,app
CUST-00011,2026-08-16,2026-08-16,2,397.71,198.85,Beauty,3,5,8,4,1,1,0,0,15,13,43.02,0,405.43,none,0,0,3.88,0,2026-07-25,MA,referral,2026-06-25,sms
CUST-00012,2023-03-13,2026-05-05,47,12726.87,270.78,Sports,98,19,117,108,15,2,13,14,49,2,20.45,0,13722.35,inactive,33,5,4.7,3,2023-02-23,OH,email,2026-08-16,
CUST-00013,2021-04-22,2025-12-10,5,562.85,112.57,Fashion,1,0,1,6,1,9,0,0,5,0,40.35,0,693.62,none,0,0,4.01,0,2021-03-29,CA,email,2026-08-13,email
CUST-00014,2024-06-27,2026-08-04,24,5298.59,220.77,Sports,151,73,224,65,10,38,6,6,36,12,32.57,0,6024.39,inactive,23,0,3.84,2,2024-06-01,MI,google_ads,2026-08-24,sms
CUST-00015,2024-10-01,2026-08-10,9,156.72,17.41,Electronics,128,3,131,20,11,9,2,2,21,12,36.58,0,176.31,none,0,1,4.66,1,2024-09-19,CA,direct,2026-08-02,app
CUST-00016,2024-10-25,2025-11-26,1,1072.78,1072.78,Fashion,0,0,0,2,1,1,0,0,1,0,4.59,0,1369.78,inactive,56,0,0.0,0,2024-10-14,MI,direct,2026-07-10,push
CUST-00017,2021-08-16,2026-08-30,45,15973.55,354.97,Electronics,141,205,346,128,19,7,7,5,62,17,35.31,0,16651.13,none,0,2,5.0,10,2021-08-02,MA,referral,2026-06-22,app
CUST-00018,2024-09-01,2026-08-21,1,814.01,814.01,Books,8,0,8,2,0,0,0,0,21,20,29.17,3,966.58,inactive,52,0,4.33,0,2024-08-03,NC,google_ads,2026-08-13,push
CUST-00019,2026-07-06,2026-08-29,2,235.21,117.6,Electronics,11,8,19,7,0,1,0,0,3,1,32.34,0,262.19,inactive,22,0,5.0,0,2026-06-21,IL,referral,2026-06-20,email
CUST-00020,2026-08-26,2026-08-26,2,521.5,260.75,Sports,13,4,17,2,0,3,0,0,5,3,37.48,0,737.7,none,0,0,0.0,0,2026-08-03,OH,direct,2026-08-31,app
CUST-00021,2023-06-13,2025-08-16,9,924.98,102.78,Electronics,2,0,2,14,3,4,0,0,9,0,2.34,0,935.24,none,0,0,4.76,2,2023-06-04,NJ,email,2026-07-06,email
CUST-00022,2026-07-09,2026-08-30,1,330.47,330.47,Sports,3,1,4,3,0,1,0,0,8,7,43.12,2,354.77,none,0,0,0.0,0,2026-06-22,TX,direct,2026-06-05,email
CUST-00023,2025-10-26,2026-08-12,10,575.12,57.51,Fashion,46,57,103,15,4,17,2,2,12,2,9.61,0,623.7,inactive,11,0,0.0,0,2025-10-16,CO,google_ads,2026-08-20,email
CUST-00024,2023-04-02,2026-04-18,26,9796.1,376.77,Toys,48,19,67,38,10,0,7,5,28,2,49.31,0,14322.1,inactive,45,2,4.23,0,2023-03-09,NY,social_media,2026-07-04,push
CUST-00025,2022-06-16,2025-08-26,3,1160.75,386.92,Electronics,1,0,1,8,4,0,0,0,3,0,23.7,0,1537.3,none,0,0,5.0,0,2022-05-23,IL,direct,2026-07-21,app
CUST-00026,2026-07-14,2026-08-26,3,12.93,4.31,Books,21,0,21,5,1,2,1,0,15,12,2.78,1,13.27,active,42,0,4.76,0,2026-07-10,NJ,direct,2026-06-18,sms
CUST-00027,2024-02-04,2026-08-21,17,1217.96,71.64,Food,64,29,93,59,11,32,13,11,24,7,26.49,1,1685.52,active,30,2,3.16,2,2024-01-21,MI,referral,2026-08-27,sms
CUST-00028,2023-08-16,2026-08-14,21,1518.43,72.31,Home & Garden,36,35,71,59,29,4,17,18,24,3,46.65,4,1674.06,none,0,2,4.66,0,2023-07-31,NC,email,2026-06-21,sms
CUST-00029,2022-12-21,2025-12-18,3,983.48,327.83,Toys,1,0,1,8,3,2,0,0,3,0,26.99,0,1267.46,none,0,0,2.83,0,2022-11-26,MI,referral,2026-07-12,push
CUST-00030,2022-10-10,2025-09-30,9,1482.33,164.7,Food,3,1,4,30,5,3,0,0,9,0,5.15,0,1763.1,none,0,0,4.18,1,2022-10-05,FL,referral,2026-08-03,email
CUST-00031,2021-09-12,2025-05-28,9,1203.44,133.72,Sports,3,2,5,34,9,4,0,0,9,0,45.59,0,1264.09,inactive,43,0,0.0,0,2021-09-02,GA,email,2026-06-25,
CUST-00032,2026-08-19,2026-08-19,1,495.28,495.28,Food,2,3,5,3,0,0,0,0,14,13,16.61,0,551.59,none,0,0,4.57,0,2026-07-22,FL,organic,2026-07-28,sms
CUST-00033,2024-02-27,2026-08-15,67,1968.03,29.37,Books,75,183,258,116,45,22,27,24,74,7,13.88,0,2177.31,none,0,9,3.42,11,2024-02-17,NJ,email,2026-06-07,app
CUST-00034,2023-05-06,2026-04-14,33,10298.57,312.08,Toys,69,17,86,79,32,24,9,9,33,0,35.7,0,13050.64,none,0,2,4.02,0,2023-04-10,MI,google_ads,2026-08-29,push
CUST-00035,2026-07-31,2026-08-14,1,245.72,245.72,Books,5,0,5,1,0,1,0,0,13,12,8.93,1,274.98,active,15,0,4.16,0,2026-07-25,IL,direct,2026-06-25,email
CUST-00036,2025-03-21,2026-08-21,7,448.58,64.08,Books,38,1,39,10,3,5,2,2,13,6,12.97,0,580.97,inactive,37,0,3.15,1,2025-03-21,GA,organic,2026-06-07,sms
CUST-00037,2026-07-27,2026-08-15,1,297.02,297.02,Sports,1,1,2,2,0,0,0,0,32,31,26.28,0,337.46,active,54,0,4.4,0,2026-07-10,,direct,2026-08-15,sms
CUST-00038,2023-04-20,2025-09-19,2,436.15,218.07,Toys,0,0,0,3,1,1,0,0,2,0,8.31,1,454.2,none,0,0,3.65,0,2023-04-19,NY,direct,2026-07-24,sms
CUST-00039,2024-01-25,2026-08-08,4,149.04,37.26,Home & Garden,40,1,41,9,3,2,1,0,5,1,36.41,0,200.34,none,0,0,4.13,0,2024-01-07,CO,direct,2026-07-19,sms
CUST-00040,2025-01-05,2026-08-03,27,4108.3,152.16,Beauty,194,54,248,41,15,47,7,7,35,8,34.61,1,4621.16,none,0,0,4.46,1,2024-12-20,MI,direct,2026-06-08,push
CUST-00041,2026-07-09,2026-08-14,2,367.0,183.5,Electronics,3,4,7,5,2,2,0,0,6,4,44.25,0,447.92,none,0,0,,0,2026-06-10,,google_ads,2026-06-07,email
CUST-00042,2024-06-13,2026-08-29,53,3468.4,65.44,Beauty,262,0,262,82,23,98,22,17,53,0,4.43,0,4300.44,none,0,2,4.04,8,2024-06-04,CA,social_media,2026-06-28,email
CUST-00043,2025-04-27,2026-08-12,7,298.78,42.68,Home & Garden,97,2,99,9,2,1,2,2,11,4,29.43,4,430.87,none,0,0,3.57,1,2025-04-27,GA,referral,2026-08-28,email
CUST-00044,2026-08-18,2026-08-21,2,668.3,334.15,Electronics,7,0,7,7,3,3,0,0,7,5,29.86,0,755.25,none,0,0,4.15,0,2026-08-17,FL,,2026-06-04,email
CUST-00045,2024-07-18,2026-08-03,27,4456.2,165.04,Sports,47,103,150,29,7,50,7,6,29,2,0.25,1,4564.89,none,0,3,0.0,0,2024-07-10,MA,organic,2026-08-04,sms
CUST-00046,2022-01-08,2026-03-29,45,15053.86,334.53,Home & Garden,82,36,118,161,75,46,12,10,45,0,8.02,0,16850.47,none,0,0,3.88,2,2021-12-16,MA,google_ads,2026-08-27,
CUST-00047,2022-12-09,2026-08-27,47,15440.14,328.51,Fashion,435,0,435,125,59,24,5,4,50,3,27.99,0,18348.26,active,49,0,0.0,0,2022-11-10,NC,google_ads,2026-06-22,push
CUST-00048,2025-05-12,2026-08-24,12,359.22,29.94,Food,135,7,142,22,9,1,3,2,26,14,2.29,2,534.07,none,0,1,0.0,0,2025-04-23,MA,social_media,2026-06-17,email
CUST-00049,2023-09-28,2026-07-31,22,1947.4,88.52,Food,43,37,80,84,12,37,15,16,24,2,42.0,1,2171.4,active,52,3,0.0,0,2023-09-03,IL,social_media,2026-08-11,app
CUST-00050,2024-09-05,2026-08-26,13,458.69,35.28,Beauty,70,101,171,40,15,12,4,3,16,3,4.56,0,562.74,none,0,0,4.51,3,2024-08-08,NJ,organic,2026-08-12,sms
CUST-00051,2025-03-23,2026-08-23,17,5562.47,327.2,Toys,48,12,60,50,13,20,3,3,18,1,23.23,1,6662.57,none,0,1,3.75,3,2025-03-18,WA,direct,2026-07-22,push
CUST-00052,2025-08-12,2026-08-04,19,3262.45,171.71,Electronics,67,66,133,72,9,20,5,4,32,13,17.89,0,4856.92,inactive,41,2,0.0,0,2025-07-24,GA,social_media,2026-07-19,email
CUST-00053,2021-06-26,2025-08-14,5,541.23,108.25,Food,2,0,2,16,6,4,0,0,5,0,39.19,0,552.25,active,26,0,4.02,0,2021-06-19,CO,referral,2026-08-13,email
CUST-00054,2024-06-17,2026-07-10,25,2494.95,99.8,Books,32,58,90,49,18,24,12,11,26,1,20.92,0,3543.39,active,57,1,4.88,4,2024-05-31,GA,google_ads,2026-08-12,email
CUST-00055,2021-07-24,2026-03-30,35,10153.23,290.09,Fashion,80,22,102,64,25,63,6,6,37,2,36.66,0,13787.2,none,0,0,0.0,0,2021-07-10,OH,email,2026-06-15,email
CUST-00056,2022-11-21,2026-08-18,36,14581.48,405.04,Sports,238,143,381,46,19,22,5,5,36,0,29.42,0,17473.43,inactive,14,4,3.85,7,2022-10-29,FL,social_media,2026-08-31,app
CUST-00057,2022-03-02,2025-11-19,0,0.0,0.0,Sports,0,0,0,0,0,0,0,0,0,0,1.71,4,0.0,inactive,4,0,0.0,0,2022-02-26,CA,organic,2026-07-04,push
CUST-00058,2023-06-05,2026-08-25,44,15418.03,350.41,Electronics,269,129,398,132,22,2,5,5,46,2,33.67,3,16141.91,none,0,2,4.47,2,2023-05-13,OH,google_ads,2026-07-29,push
CUST-00059,2026-08-20,2026-08-20,3,291.36,97.12,Beauty,18,1,19,10,5,3,1,1,11,8,28.86,0,314.56,none,0,0,4.04,0,2026-08-13,NY,,2026-08-28,sms
CUST-00060,2021-08-04,2025-10-28,3,680.97,226.99,Home & Garden,0,0,0,5,2,3,0,0,3,0,29.82,0,832.29,active,35,0,5.0,0,2021-07-12,IL,google_ads,2026-08-23,app
CUST-00061,2023-07-06,2026-05-10,35,9960.13,284.58,Beauty,27,27,54,60,20,27,8,8,38,3,26.06,1,12105.85,none,0,0,3.49,2,2023-06-25,NY,google_ads,2026-08-19,sms
CUST-00062,2022-06-16,2026-05-06,55,8258.85,150.16,Books,86,47,133,69,31,43,16,18,56,1,6.16,1,11561.49,active,18,6,0.0,0,2022-06-02,FL,referral,2026-07-07,sms
CUST-00063,2021-07-04,2026-01-18,2,568.41,284.21,Fashion,0,0,0,5,1,3,0,0,2,0,45.29,1,726.62,inactive,18,0,4.24,0,2021-06-08,NY,referral,2026-06-04,sms
CUST-00064,2022-08-11,2026-05-02,28,10619.64,379.27,Books,43,7,50,54,11,11,6,5,30,2,2.92,0,12077.4,none,0,2,5.0,0,2022-07-20,CO,social_media,2026-08-08,app
CUST-00065,2022-07-19,2026-01-29,3,150.78,50.26,Home & Garden,1,0,1,6,1,2,0,0,3,0,33.48,0,199.04,inactive,35,0,0.0,0,2022-07-12,PA,direct,2026-07-05,sms
CUST-00066,2024-05-01,2026-08-24,91,3556.0,39.08,Books,295,261,556,138,61,36,50,41,93,2,37.81,0,4738.21,none,0,12,0.0,0,2024-04-10,GA,referral,2026-08-27,email
CUST-00067,2022-08-16,2025-07-18,10,1727.73,172.77,Home & Garden,3,1,4,14,1,2,0,0,10,0,17.32,0,2168.07,none,0,0,4.44,2,2022-08-16,PA,social_media,2026-08-26,
CUST-00068,2024-08-24,2026-08-15,72,3371.18,46.82,Electronics,227,135,362,200,73,100,32,28,80,8,16.13,0,3630.41,inactive,57,6,,6,2024-08-15,CO,direct,2026-08-18,sms
CUST-00069,2025-10-12,2026-08-19,41,1211.42,29.55,Books,91,88,179,103,22,6,10,8,47,6,46.82,2,1379.66,none,0,0,0.0,0,2025-09-22,OH,social_media,2026-08-30,push
CUST-00070,2022-03-05,2026-08-18,50,14359.67,287.19,Sports,401,185,586,94,29,17,5,5,53,3,8.89,1,18797.18,none,0,1,0.0,0,2022-02-23,FL,referral,2026-07-11,app
CUST-00071,2023-03-14,2026-02-27,9,1150.83,127.87,Sports,2,2,4,28,13,0,0,0,9,0,12.99,1,1229.73,none,0,0,0.0,0,2023-02-16,TX,email,2026-06-08,email
CUST-00072,2022-11-07,2026-08-27,60,10836.16,180.6,Sports,247,53,300,82,43,29,9,10,69,9,42.98,0,16017.05,active,7,5,3.74,14,2022-10-19,CA,google_ads,2026-07-15,sms
CUST-00073,2021-12-22,2026-08-25,48,17764.05,370.08,Books,244,129,373,80,43,43,9,7,92,44,22.16,0,18101.76,none,0,4,2.74,6,2021-12-21,NJ,social_media,2026-08-21,push
CUST-00074,2023-03-09,2026-02-26,5,369.34,73.87,Sports,0,0,0,19,4,7,0,0,5,0,6.07,0,512.39,none,0,0,0.0,0,2023-02-28,FL,referral,2026-08-22,push
CUST-00075,2024-05-04,2026-08-16,44,4164.49,94.65,Home & Garden,71,5,76,58,23,8,24,24,46,2,8.18,0,6097.48,none,0,3,0.0,0,2024-04-07,MI,direct,2026-08-11,push
CUST-00076,2024-11-22,2025-10-08,10,920.93,92.09,Toys,4,2,6,33,14,3,0,0,11,1,2.16,0,981.59,none,0,1,0.0,0,2024-10-24,AZ,email,2026-08-09,sms
CUST-00077,2022-01-03,2026-05-16,23,10481.51,455.72,Sports,43,30,73,66,31,7,5,4,23,0,36.32,4,11001.27,none,0,2,0.0,0,2021-12-12,CO,social_media,2026-08-22,push
CUST-00078,2026-07-23,2026-08-22,3,402.98,134.33,Sports,19,11,30,3,1,4,1,1,16,13,23.52,0,428.11,none,0,0,2.87,0,2026-06-28,PA,email,2026-08-06,sms
CUST-00079,2026-08-08,2026-08-15,3,214.05,71.35,Sports,20,6,26,9,1,1,1,0,8,5,29.97,0,216.5,none,0,0,0.0,0,2026-07-17,AZ,direct,2026-08-08,sms
CUST-00080,2024-02-13,2025-09-14,5,1391.01,278.2,Sports,0,1,1,8,2,0,0,0,5,0,14.97,0,1834.43,none,0,0,4.38,1,2024-02-10,WA,organic,2026-08-29,sms
CUST-00081,2023-10-05,2025-07-04,0,0.0,0.0,Beauty,0,0,0,0,0,0,0,0,0,0,6.67,0,0.0,none,0,0,3.14,0,2023-09-17,AZ,referral,2026-07-09,app
CUST-00082,2024-02-20,2026-08-16,9,662.59,73.62,Fashion,57,21,78,15,8,4,2,2,17,8,38.84,0,824.12,active,4,1,0.0,0,2024-02-11,CA,social_media,2026-06-25,push
CUST-00083,2025-04-17,2026-08-12,26,3663.3,140.9,Food,126,109,235,30,9,13,6,7,28,2,32.71,0,4698.79,none,0,3,3.71,1,2025-03-25,MI,organic,2026-06-25,push
CUST-00084,2026-07-25,2026-08-21,1,356.17,356.17,Beauty,6,2,8,2,0,1,0,0,9,8,10.8,0,509.67,none,0,0,0.0,0,2026-07-17,AZ,social_media,2026-07-23,sms
CUST-00085,2025-03-19,2026-08-25,80,2989.12,37.36,Toys,132,79,211,200,71,32,50,50,90,10,11.94,0,4461.24,none,0,0,0.0,0,2025-02-27,AZ,organic,2026-08-29,sms
CUST-00086,2022-04-15,2026-04-15,54,10597.51,196.25,Toys,110,78,188,87,31,31,14,14,56,2,39.9,0,15446.34,none,0,1,3.75,12,2022-04-05,NY,email,2026-08-25,push
CUST-00087,2024-09-12,2026-08-31,80,1973.46,24.67,Food,138,214,352,200,35,70,50,41,90,10,40.18,0,2927.75,none,0,11,,21,2024-08-21,WA,email,2026-07-04,email
CUST-00088,2025-03-24,2026-08-03,23,4214.01,183.22,Electronics,152,84,236,60,27,14,5,5,27,4,17.89,0,5959.13,none,0,0,3.45,5,2025-02-25,IL,social_media,2026-07-01,app
CUST-00089,2025-02-04,2026-08-16,64,3486.91,54.48,Home & Garden,252,154,406,200,45,3,44,37,65,1,0.19,1,3778.3,none,0,9,0.0,0,2025-01-14,FL,google_ads,2026-06-30,email
CUST-00090,2024-06-11,2026-07-08,12,1846.14,153.85,Electronics,68,37,105,39,19,15,6,6,18,6,28.02,0,2258.8,none,0,1,4.35,0,2024-05-23,,direct,2026-06-09,sms
CUST-00091,2023-08-07,2026-08-13,78,3310.59,42.44,Electronics,313,188,501,82,47,100,40,45,79,1,43.64,0,4475.4,none,0,1,0.0,0,2023-08-05,GA,referral,2026-06-29,email
CUST-00092,2025-02-11,2025-06-15,2,1062.24,531.12,Sports,0,0,0,7,1,0,0,0,2,0,29.14,5,1516.72,none,0,0,5.0,0,2025-02-10,MA,organic,2026-07-30,email
CUST-00093,2022-09-25,2026-08-20,42,15723.15,374.36,Toys,344,151,495,154,49,50,6,6,54,12,11.87,0,16542.52,none,0,3,4.27,9,2022-09-12,OH,direct,2026-08-31,sms
CUST-00094,2024-01-09,2026-08-22,91,3645.25,40.06,Beauty,254,129,383,200,66,81,50,50,94,3,42.71,0,5164.08,none,0,3,4.32,11,2024-01-09,MI,social_media,2026-06-29,sms
CUST-00095,2023-10-15,2026-08-15,64,2844.53,44.45,Toys,200,168,368,174,19,86,26,25,77,13,8.26,0,3882.59,none,0,6,0.0,0,2023-09-22,CA,email,2026-07-02,sms
CUST-00096,2024-02-14,2026-08-15,70,3117.43,44.53,Fashion,314,53,367,200,100,92,30,31,73,3,45.02,0,3617.91,none,0,4,4.69,12,2024-01-31,,direct,2026-08-18,email
CUST-00097,2026-08-01,2026-08-30,2,357.23,178.62,Home & Garden,3,4,7,2,0,1,0,0,8,6,2.19,0,457.01,none,0,0,4.58,0,2026-07-04,TX,referral,2026-07-09,push
CUST-00098,2023-11-07,2026-08-20,66,15394.38,233.25,Fashion,553,325,878,200,100,56,8,8,70,4,30.05,1,20693.16,none,0,1,3.62,0,2023-10-27,AZ,social_media,2026-07-03,push
CUST-00099,2024-07-18,2026-08-23,8,587.29,73.41,Beauty,59,15,74,31,10,11,1,0,8,0,25.27,3,700.1,active,2,0,0.0,0,2024-07-11,WA,email,2026-07-13,push
CUST-00100,2022-06-06,2026-04-23,53,10092.23,190.42,Home & Garden,59,70,129,148,75,100,10,11,54,1,19.28,0,12824.23,active,33,4,4.17,13,2022-05-10,MI,google_ads,2026-07-12,app
CUST-00101,2024-04-02,2026-02-13,5,271.16,54.23,Beauty,2,0,2,7,2,9,0,0,5,0,39.12,1,311.9,none,0,0,3.78,1,2024-03-22,NY,social_media,2026-07-27,email
CUST-00102,2026-07-05,2026-08-21,2,210.81,105.4,Food,4,7,11,3,1,3,0,0,31,29,24.17,1,272.86,none,0,0,0.0,0,2026-06-29,NJ,social_media,2026-06-05,push
CUST-00103,2022-09-14,2026-08-18,38,4090.14,107.64,Food,99,94,193,125,48,72,18,15,47,9,21.96,1,5916.57,active,53,2,3.7,7,2022-08-19,TX,direct,2026-08-01,email
CUST-00104,2023-01-21,2026-08-18,51,18238.63,357.62,Food,248,246,494,93,19,97,5,5,62,11,41.42,0,18369.18,none,0,6,4.45,11,2023-01-01,CA,referral,2026-06-20,push
CUST-00105,2026-07-13,2026-08-18,1,296.02,296.02,Fashion,3,0,3,2,0,1,0,0,24,23,26.13,0,307.4,none,0,0,3.67,0,2026-07-10,MA,referral,2026-06-27,sms
CUST-00106,2023-04-18,2026-07-15,19,1844.94,97.1,Toys,99,37,136,31,3,8,12,13,20,1,35.99,2,2263.69,none,0,1,2.69,1,2023-03-29,NJ,direct,2026-07-10,sms
CUST-00107,2022-08-28,2026-05-23,58,10784.83,185.95,Electronics,47,76,123,200,92,31,12,10,58,0,39.15,1,13985.15,none,0,5,,5,2022-08-06,MA,referral,2026-07-19,
CUST-00108,2024-02-17,2025-11-26,5,378.81,75.76,Books,2,0,2,18,5,9,0,0,5,0,19.38,1,512.13,active,10,0,4.25,0,2024-01-31,NY,social_media,2026-08-11,app
CUST-00109,2022-12-01,2026-08-23,83,2997.19,36.11,Sports,234,52,286,174,49,8,50,48,91,8,42.52,0,3982.3,none,0,10,0.0,0,2022-11-29,MA,google_ads,2026-06-06,email
CUST-00110,2025-10-09,2026-08-26,12,6911.89,575.99,Books,21,36,57,28,10,2,1,1,25,13,39.1,0,7257.02,none,0,0,4.69,3,2025-09-28,CO,google_ads,2026-06-12,push
CUST-00111,2023-06-08,2026-05-11,47,5180.22,110.22,Food,67,67,134,120,52,29,12,13,48,1,48.8,0,5224.12,none,0,5,0.0,0,2023-05-11,IL,organic,2026-08-26,email
CUST-00112,2025-04-08,2026-02-18,6,309.41,51.57,Food,1,1,2,23,12,0,0,0,6,0,22.9,0,356.27,active,14,0,4.09,0,2025-03-24,IL,referral,2026-08-23,sms
CUST-00113,2026-08-11,2026-08-20,3,520.55,173.52,Fashion,7,8,15,10,3,0,1,1,6,3,33.71,0,610.39,none,0,0,4.4,0,2026-08-05,MI,organic,2026-07-17,sms
CUST-00114,2022-05-20,2026-08-31,37,21268.62,574.83,Sports,163,168,331,76,43,71,5,5,51,14,27.34,0,26145.49,none,0,4,4.38,1,2022-05-03,TX,social_media,2026-06-18,push
CUST-00115,2023-08-28,2026-08-05,18,721.5,40.08,Home & Garden,36,13,49,18,1,29,14,13,25,7,19.76,3,1070.37,none,0,2,4.48,1,2023-08-10,OH,organic,2026-06-28,push
CUST-00116,2025-03-07,2026-08-23,91,3333.81,36.64,Beauty,94,97,191,200,42,100,44,40,100,9,36.44,0,4048.42,active,29,9,0.0,0,2025-03-03,GA,social_media,2026-08-23,sms
CUST-00117,2023-07-31,2026-08-29,53,1717.39,32.4,Electronics,254,91,345,109,53,26,33,31,58,5,12.02,0,2505.88,active,30,1,0.0,0,2023-07-29,PA,google_ads,2026-06-28,app
CUST-00118,2023-07-09,2026-08-02,15,2467.53,164.5,Home & Garden,41,45,86,21,6,27,12,11,23,8,41.16,2,3139.32,inactive,16,0,4.26,1,2023-07-07,IL,organic,2026-08-17,push
CUST-00119,2025-10-13,2026-08-22,17,6349.15,373.48,Toys,40,67,107,44,10,14,2,1,27,10,0.0,0,8007.9,active,58,0,4.65,1,2025-10-10,NY,direct,2026-08-29,push
CUST-00120,2024-02-25,2026-07-07,20,1274.19,63.71,Toys,105,30,135,38,9,28,16,13,22,2,45.1,1,1901.64,none,0,1,3.84,3,2024-02-17,WA,google_ads,2026-06-19,push
CUST-00121,2021-12-11,2026-05-18,42,11550.56,275.01,Electronics,100,39,139,58,22,65,10,8,50,8,22.44,0,12591.24,active,48,0,0.0,0,2021-12-08,TX,social_media,2026-07-06,email
CUST-00122,2024-06-16,2026-08-20,8,960.71,120.09,Food,36,20,56,21,12,7,4,3,17,9,36.72,0,972.81,none,0,0,3.47,2,2024-05-31,FL,social_media,2026-07-02,email
CUST-00123,2024-05-16,2025-08-25,6,819.91,136.65,Food,2,1,3,9,4,6,0,0,7,1,7.86,0,938.82,none,0,0,4.61,1,2024-05-12,NY,social_media,2026-08-16,sms
CUST-00124,2025-04-08,2026-08-12,8,1686.15,210.77,Food,23,17,40,16,7,6,3,3,10,2,21.64,1,1966.43,active,23,1,3.95,1,2025-04-04,CO,social_media,2026-06-14,app
CUST-00125,2024-05-17,2025-04-21,4,588.79,147.2,Fashion,1,0,1,9,5,0,0,0,4,0,9.49,0,648.97,none,0,0,5.0,0,2024-05-08,PA,direct,2026-08-08,sms
CUST-00126,2026-07-05,2026-08-20,2,287.49,143.75,Sports,10,5,15,3,0,3,0,0,11,9,30.5,0,326.46,none,0,0,4.31,0,2026-06-17,NJ,,2026-08-22,sms
CUST-00127,2024-07-10,2026-08-31,51,4144.28,81.26,Fashion,129,143,272,133,75,22,35,36,57,6,10.73,1,5176.29,none,0,2,4.36,7,2024-06-24,NY,referral,2026-08-05,email
CUST-00128,2022-08-01,2026-04-25,42,12439.01,296.17,Food,37,55,92,135,14,20,7,6,42,0,3.13,0,16996.25,none,0,4,0.0,0,2022-07-26,MI,google_ads,2026-07-15,sms
CUST-00129,2024-09-28,2026-08-14,14,134.51,9.61,Fashion,145,93,238,44,15,1,3,3,27,13,26.92,0,159.28,none,0,1,4.17,1,2024-09-26,WA,social_media,2026-07-02,app
CUST-00130,2021-07-31,2025-12-04,14,778.84,55.63,Sports,6,1,7,32,3,8,1,0,14,0,46.36,0,1076.53,none,0,1,0.0,0,2021-07-14,MA,email,2026-07-25,email
CUST-00131,2023-08-08,2026-07-07,18,2272.04,126.22,Sports,60,52,112,18,10,15,12,10,26,8,3.83,2,3212.8,inactive,48,2,3.35,1,2023-07-20,NC,direct,2026-06-08,push
CUST-00132,2024-08-02,2025-12-09,2,923.3,461.65,Beauty,0,0,0,4,0,1,0,0,2,0,19.24,0,1121.63,none,0,0,2.91,0,2024-07-17,CA,direct,2026-08-10,email
CUST-00133,2024-05-21,2026-08-18,12,569.74,47.48,Sports,51,24,75,30,12,5,2,1,16,4,10.98,3,745.3,none,0,0,5.0,2,2024-05-07,TX,google_ads,2026-06-28,push
CUST-00134,2023-04-12,2026-03-19,43,9282.31,215.87,Fashion,73,7,80,86,14,59,7,6,48,5,10.22,0,11228.21,active,47,0,4.23,7,2023-03-28,AZ,organic,2026-07-31,sms
CUST-00135,2023-12-02,2025-12-10,8,852.81,106.6,Books,1,0,1,14,5,8,0,0,8,0,0.67,0,1129.02,active,17,0,0.0,0,2023-11-17,NJ,organic,2026-08-26,app
CUST-00136,2023-06-05,2026-08-14,83,2552.21,30.75,Electronics,253,246,499,140,79,7,48,39,89,6,30.42,1,3030.08,none,0,0,4.09,20,2023-06-04,AZ,referral,2026-07-14,sms
CUST-00137,2022-02-15,2025-08-17,6,506.33,84.39,Sports,1,0,1,12,5,9,0,0,6,0,19.33,1,594.17,none,0,0,0.0,0,2022-01-21,MI,referral,2026-08-29,sms
CUST-00138,2026-07-17,2026-08-19,2,145.12,72.56,Beauty,6,1,7,3,0,0,0,0,7,5,9.4,0,195.63,none,0,0,,0,2026-07-07,NC,,2026-07-01,sms
CUST-00139,2024-11-15,2025-11-16,5,187.51,37.5,Toys,1,1,2,5,2,8,0,0,5,0,38.68,1,201.63,inactive,28,0,4.79,1,2024-11-03,CO,social_media,2026-06-04,app
CUST-00140,2024-05-24,2026-07-21,16,2268.05,141.75,Home & Garden,73,55,128,55,30,29,12,12,16,0,23.29,0,2612.82,none,0,2,4.39,4,2024-05-03,CO,referral,2026-07-09,app
CUST-00141,2024-04-29,2026-07-22,16,2387.33,149.21,Sports,83,35,118,43,17,27,11,11,44,28,37.84,0,3231.72,none,0,0,4.42,1,2024-04-07,AZ,google_ads,2026-07-12,app
CUST-00142,2022-06-17,2025-08-15,0,0.0,0.0,Beauty,0,0,0,0,0,0,0,0,0,0,48.71,0,0.0,none,0,0,4.16,0,2022-06-07,TX,organic,2026-08-10,email
CUST-00143,2022-10-04,2026-08-21,83,2679.43,32.28,Sports,361,199,560,200,73,81,46,39,87,4,13.85,2,3460.74,none,0,4,0.0,0,2022-09-20,GA,google_ads,2026-08-24,sms
CUST-00144,2022-09-21,2026-08-21,52,3509.13,67.48,Electronics,156,152,308,158,45,83,39,33,53,1,10.81,1,4567.2,none,0,7,3.99,6,2022-09-15,CA,google_ads,2026-08-20,sms
CUST-00145,2025-02-08,2026-07-10,10,3147.57,314.76,Books,23,16,39,18,2,3,5,5,18,8,48.39,0,3585.67,none,0,0,0.0,0,2025-01-14,MI,referral,2026-07-07,email
CUST-00146,2025-08-08,2026-08-23,11,670.21,60.93,Toys,136,30,166,21,2,3,4,3,73,50,19.79,1,764.69,none,0,0,5.0,1,2025-08-03,CA,google_ads,2026-06-17,push
CUST-00147,2023-11-05,2026-08-23,52,11882.78,228.51,Sports,258,60,318,128,60,51,7,7,56,4,42.99,0,13832.94,none,0,5,0.0,0,2023-10-29,CA,organic,2026-08-19,email
CUST-00148,2023-03-12,2026-04-11,40,13454.97,336.37,Home & Garden,97,55,152,128,30,10,11,9,44,4,24.54,0,19531.17,none,0,3,4.95,3,2023-03-09,WA,referral,2026-08-22,email
CUST-00149,2024-06-16,2025-10-30,3,59.07,19.69,Fashion,0,0,0,7,2,4,0,0,3,0,18.83,0,66.91,none,0,0,0.0,0,2024-06-08,WA,email,2026-06-21,push
CUST-00150,2023-05-22,2026-08-10,19,1475.04,77.63,Toys,23,52,75,59,24,28,12,12,35,16,18.79,1,1825.87,none,0,2,0.0,0,2023-05-16,NY,referral,2026-06-12,push
CUST-00151,2024-01-05,2026-08-31,65,3406.61,52.41,Food,178,163,341,96,10,58,32,26,71,6,5.58,0,3885.33,active,23,7,5.0,14,2023-12-12,CA,organic,2026-07-20,app
CUST-00152,2026-08-22,2026-08-22,2,332.24,166.12,Books,3,7,10,5,2,0,0,0,26,24,33.39,2,376.35,none,0,0,4.4,0,2026-08-17,MI,email,2026-07-20,app
CUST-00153,2026-07-13,2026-08-13,2,0.0,0.0,Sports,6,1,7,3,1,0,0,0,33,31,46.95,0,0.0,active,15,0,0.0,0,2026-06-18,NC,google_ads,2026-08-18,push
CUST-00154,2024-07-12,2026-08-03,17,3660.51,215.32,Beauty,67,55,122,58,27,1,7,6,23,6,20.56,0,5279.53,none,0,2,3.98,3,2024-07-05,NC,google_ads,2026-08-31,sms
CUST-00155,2023-08-01,2026-08-31,100,3232.92,32.33,Electronics,215,147,362,189,75,86,46,38,103,3,45.12,0,4417.78,none,0,13,5.0,26,2023-07-13,FL,organic,2026-08-22,app
CUST-00156,2021-11-06,2025-09-06,7,750.92,107.27,Food,1,0,1,19,4,12,0,0,7,0,43.17,0,1078.73,none,0,0,4.26,0,2021-10-15,NJ,google_ads,2026-06-20,email
CUST-00157,2024-07-16,2026-07-14,15,1625.92,108.39,Food,62,13,75,40,11,24,12,11,17,2,18.13,1,1892.72,inactive,5,1,3.93,1,2024-07-12,PA,email,2026-07-02,push
CUST-00158,2022-05-02,2026-02-28,6,452.01,75.33,Electronics,2,1,3,15,1,5,0,0,6,0,48.56,0,613.54,active,25,0,3.8,1,2022-04-28,NY,social_media,2026-07-28,app
CUST-00159,2026-07-19,2026-08-15,3,249.56,83.19,Food,9,1,10,6,1,4,1,0,6,3,9.09,0,352.79,active,25,0,3.29,0,2026-07-13,NC,email,2026-07-20,sms
CUST-00160,2022-07-30,2026-08-22,86,4096.33,47.63,Sports,268,174,442,196,91,100,39,44,89,3,42.23,0,4872.66,none,0,3,5.0,12,2022-07-25,MI,referral,2026-06-20,sms
CUST-00161,2023-02-01,2026-08-04,14,2335.69,166.83,Home & Garden,74,41,115,32,5,10,10,9,23,9,49.88,0,2872.49,none,0,0,0.0,0,2023-01-28,MA,email,2026-06-19,push
CUST-00162,2022-07-30,2026-05-10,41,7889.82,192.43,Fashion,94,5,99,89,13,1,10,10,41,0,11.69,0,11183.61,none,0,0,0.0,0,2022-07-21,AZ,organic,2026-06-29,sms
CUST-00163,2023-03-27,2026-08-14,72,1888.81,26.23,Sports,80,125,205,74,36,44,29,30,74,2,48.69,0,2148.75,none,0,2,4.71,1,2023-03-25,CO,social_media,2026-08-20,
CUST-00164,2023-11-17,2026-08-18,4,1094.61,273.65,Toys,6,6,12,8,4,0,2,2,4,0,24.63,0,1277.63,none,0,0,0.0,0,2023-10-23,IL,social_media,2026-08-11,push
CUST-00165,2025-05-26,2026-08-30,13,4311.36,331.64,Electronics,29,10,39,45,17,8,3,2,40,27,17.24,0,4983.75,active,7,1,3.78,3,2025-05-05,FL,google_ads,2026-08-12,sms
CUST-00166,2023-03-04,2026-08-22,57,21243.81,372.7,Toys,237,27,264,200,35,100,11,12,67,10,28.89,2,24318.21,none,0,5,3.1,9,2023-03-01,CO,email,2026-08-16,push
CUST-00167,2026-08-24,2026-08-25,1,333.34,333.34,Fashion,4,1,5,2,0,0,0,0,12,11,30.12,0,343.51,inactive,6,0,0.0,0,2026-07-30,WA,organic,2026-06-26,sms
CUST-00168,2026-07-29,2026-08-26,3,410.34,136.78,Electronics,18,3,21,9,1,3,1,0,3,0,6.55,0,584.63,active,44,0,5.0,0,2026-07-02,AZ,google_ads,2026-07-23,email
CUST-00169,2026-07-20,2026-08-30,2,358.27,179.13,Toys,11,6,17,4,1,3,0,0,8,6,8.3,0,423.25,none,0,0,0.0,0,2026-07-20,MI,referral,2026-07-29,sms
CUST-00170,2025-04-14,2026-08-16,12,6554.97,546.25,Beauty,82,42,124,36,15,22,2,1,14,2,10.89,1,8631.95,none,0,0,4.9,2,2025-03-17,NJ,referral,2026-06-22,email
CUST-00171,2025-01-01,2025-05-27,1,892.58,892.58,Fashion,0,0,0,1,0,0,0,0,1,0,4.6,1,1291.74,none,0,0,4.59,0,2024-12-13,MA,email,2026-08-10,app
CUST-00172,2022-09-23,2026-07-31,12,73.71,6.14,Books,62,42,104,26,3,1,10,9,14,2,23.82,0,91.73,none,0,1,5.0,2,2022-09-13,MA,,2026-06-17,email
CUST-00173,2024-10-14,2025-12-10,2,847.15,423.58,Fashion,0,0,0,7,1,0,0,0,2,0,29.28,0,883.6,active,7,0,4.1,0,2024-09-17,WA,social_media,2026-08-06,
CUST-00174,2021-07-06,2026-04-23,33,6949.44,210.59,Toys,75,40,115,90,41,24,8,7,33,0,35.09,0,8195.56,none,0,0,3.58,6,2021-06-09,CA,direct,2026-06-18,sms
CUST-00175,2025-02-12,2026-08-09,14,543.61,38.83,Electronics,126,20,146,41,24,12,3,2,15,1,44.16,0,648.87,none,0,0,3.61,0,2025-02-12,MI,direct,2026-06-06,email
CUST-00176,2024-03-25,2026-08-16,78,2043.76,26.2,Home & Garden,112,203,315,147,26,100,32,33,83,5,10.75,0,2415.37,active,7,2,0.0,0,2024-02-26,CO,organic,2026-07-20,sms
CUST-00177,2025-02-28,2026-08-05,21,6529.08,310.91,Beauty,108,49,157,41,13,21,3,2,32,11,45.79,0,7531.2,active,41,1,3.61,3,2025-02-25,NY,email,2026-08-08,sms
CUST-00178,2026-07-26,2026-08-22,1,328.01,328.01,Food,6,2,8,2,1,0,0,0,4,3,30.52,0,347.11,active,12,0,4.48,0,2026-07-22,MI,social_media,2026-07-04,app
CUST-00179,2022-08-10,2026-08-01,15,612.06,40.8,Food,77,34,111,50,19,12,13,13,20,5,11.02,0,786.99,active,4,1,3.27,2,2022-08-09,MA,social_media,2026-08-17,push
CUST-00180,2025-10-02,2026-08-26,21,3711.46,176.74,Food,81,48,129,51,14,35,3,3,21,0,3.56,0,4761.84,none,0,1,4.69,0,2025-09-21,PA,google_ads,2026-08-17,email
CUST-00181,2024-07-28,2026-08-21,27,4081.2,151.16,Books,117,24,141,33,6,6,12,12,28,1,17.91,4,5477.61,none,0,0,3.73,0,2024-07-13,NY,social_media,2026-07-06,app
CUST-00182,2022-08-13,2026-03-28,41,9277.38,226.28,Fashion,101,2,103,160,59,78,6,5,41,0,2.55,0,10241.22,none,0,0,4.16,9,2022-07-31,NJ,organic,2026-06-16,push
CUST-00183,2021-04-29,2025-08-02,5,820.48,164.1,Beauty,1,1,2,14,1,1,0,0,5,0,18.61,0,848.36,active,57,0,5.0,0,2021-04-21,AZ,social_media,2026-07-09,app
CUST-00184,2025-01-25,2026-08-23,70,1615.97,23.09,Fashion,169,63,232,200,90,82,50,46,71,1,32.8,0,1870.5,inactive,5,8,0.0,0,2025-01-25,FL,social_media,2026-08-25,sms
CUST-00185,2024-08-30,2026-08-20,17,390.98,23.0,Home & Garden,77,67,144,33,18,2,5,4,22,5,20.78,2,438.4,active,19,0,0.0,0,2024-08-15,TX,organic,2026-08-08,app
CUST-00186,2025-09-14,2026-08-15,16,691.68,43.23,Toys,213,83,296,58,23,25,4,4,52,36,28.61,0,784.64,active,15,0,4.23,2,2025-08-29,NC,social_media,2026-06-23,push
CUST-00187,2024-07-20,2025-12-08,7,1179.48,168.5,Beauty,1,1,2,15,7,4,0,0,7,0,27.87,1,1570.23,none,0,0,3.96,1,2024-07-01,NC,direct,2026-06-30,email
CUST-00188,2022-06-06,2026-08-22,45,13821.59,307.15,Electronics,362,205,567,87,26,18,8,8,72,27,15.17,1,19114.29,none,0,6,3.38,1,2022-05-10,MA,google_ads,2026-08-30,
CUST-00189,2026-07-24,2026-08-14,1,507.65,507.65,Toys,5,3,8,1,0,0,0,0,18,17,18.51,1,735.33,none,0,0,3.3,0,2026-07-14,TX,referral,2026-07-12,app
CUST-00190,2022-08-21,2026-02-27,1,649.06,649.06,Toys,0,0,0,3,0,1,0,0,1,0,11.56,0,748.39,active,11,0,4.63,0,2022-07-26,OH,direct,2026-07-09,push
CUST-00191,2022-05-03,2025-11-17,4,935.47,233.87,Home & Garden,1,0,1,11,4,5,0,0,5,1,10.89,0,1026.47,none,0,0,5.0,0,2022-05-03,IL,social_media,2026-06-12,app
CUST-00192,2024-04-17,2026-08-15,43,2387.78,55.53,Electronics,167,14,181,95,51,4,33,35,47,4,13.53,0,3512.49,inactive,46,2,0.0,0,2024-03-21,TX,direct,2026-08-19,push
CUST-00193,2024-09-30,2026-08-21,0,0.0,0.0,Electronics,0,0,0,0,0,0,0,0,30,30,26.5,0,0.0,none,0,0,2.92,0,2024-09-02,MI,google_ads,2026-07-20,app
CUST-00194,2021-03-13,2026-03-07,48,6655.5,138.66,Books,48,0,48,102,39,45,13,10,50,2,25.65,0,9391.67,none,0,5,3.65,10,2021-03-09,MA,google_ads,2026-08-28,push
CUST-00195,2025-11-01,2026-08-24,13,791.12,60.86,Books,194,27,221,15,2,1,3,3,19,6,22.21,1,992.41,none,0,1,0.0,0,2025-10-05,NY,google_ads,2026-07-05,sms
CUST-00196,2026-08-24,2026-08-24,2,436.45,218.22,Food,13,0,13,6,1,0,0,0,14,12,16.87,1,436.58,none,0,0,0.0,0,2026-08-08,NY,direct,2026-07-16,push
CUST-00197,2021-03-23,2026-08-26,39,13146.97,337.1,Fashion,360,115,475,77,11,74,4,3,42,3,16.02,0,18295.07,active,38,0,0.0,0,2021-03-13,MA,organic,2026-07-28,app
CUST-00198,2023-12-15,2026-01-04,1,1483.93,1483.93,Fashion,0,0,0,3,1,1,0,0,1,0,14.21,0,1763.69,none,0,0,0.0,0,2023-11-24,MI,google_ads,2026-08-13,email
CUST-00199,2025-03-11,2026-08-27,9,595.59,66.18,Food,39,32,71,30,6,3,3,2,13,4,48.48,1,803.92,none,0,0,4.81,1,2025-02-18,PA,direct,2026-06-13,email
CUST-00200,2024-08-17,2026-08-27,5,597.51,119.5,Home & Garden,46,33,79,17,7,9,1,1,21,16,46.32,0,843.93,none,0,0,0.0,0,2024-08-09,NJ,google_ads,2026-06-19,push
CUST-00201,2026-08-13,2026-08-15,3,424.23,141.41,Toys,12,6,18,6,2,2,0,0,3,0,28.79,1,578.08,none,0,0,0.0,0,2026-07-31,CO,organic,2026-06-05,email
CUST-00202,2024-06-06,2026-07-30,13,2865.79,220.45,Electronics,36,5,41,35,13,18,7,6,14,1,4.05,2,3910.18,none,0,1,0.0,0,2024-05-29,MA,referral,2026-08-18,sms
CUST-00203,2022-03-27,2026-05-26,56,13519.39,241.42,Fashion,56,39,95,94,44,100,11,10,64,8,22.24,0,15896.44,none,0,4,3.88,7,2022-03-15,NY,referral,2026-07-08,app
CUST-00204,2022-10-21,2026-08-31,101,4114.76,40.74,Sports,109,18,127,200,78,93,50,49,106,5,10.96,0,5341.86,none,0,0,4.63,3,2022-10-05,MI,social_media,2026-06-25,sms
CUST-00205,2024-08-07,2026-08-27,13,488.12,37.55,Toys,135,79,214,39,13,11,2,1,19,6,16.68,0,521.89,none,0,1,5.0,3,2024-07-26,NY,google_ads,2026-06-15,app
CUST-00206,2026-07-05,2026-08-13,1,247.58,247.58,Fashion,4,3,7,2,1,0,0,0,2,1,21.52,0,335.06,none,0,0,0.0,0,2026-06-28,IL,email,2026-08-15,email
CUST-00207,2026-07-24,2026-08-18,1,361.58,361.58,Books,5,4,9,2,0,0,0,0,3,2,26.62,0,470.16,active,23,0,4.73,0,2026-07-02,CA,google_ads,2026-08-30,sms
CUST-00208,2024-02-04,2026-08-11,14,352.16,25.15,Toys,44,14,58,19,8,22,7,7,16,2,25.33,1,484.21,none,0,0,0.0,0,2024-01-27,OH,organic,2026-08-12,email
CUST-00209,2025-01-24,2026-01-21,5,857.0,171.4,Toys,2,0,2,13,6,4,0,0,5,0,30.71,0,1064.18,none,0,0,0.0,0,2025-01-15,MI,social_media,2026-06-17,sms
CUST-00210,2021-11-29,2026-04-08,30,10397.36,346.58,Home & Garden,40,17,57,94,35,56,5,4,31,1,30.84,1,12197.13,none,0,1,4.03,3,2021-11-10,TX,google_ads,2026-07-14,sms
CUST-00211,2022-05-20,2025-08-08,6,1439.42,239.9,Fashion,1,0,1,10,1,1,0,0,6,0,27.37,0,1485.39,none,0,0,4.68,0,2022-05-16,WA,referral,2026-06-17,app
CUST-00212,2022-03-08,2026-05-28,44,11567.93,262.91,Beauty,96,22,118,48,22,70,7,7,44,0,35.96,0,13396.91,none,0,3,3.23,8,2022-02-11,CA,referral,2026-06-08,push
CUST-00213,2026-07-10,2026-08-25,1,56.83,56.83,Fashion,2,4,6,2,1,1,0,0,1,0,19.11,0,57.89,none,0,0,4.0,0,2026-07-03,CO,google_ads,2026-06-24,email
CUST-00214,2025-12-01,2026-08-18,15,489.63,32.64,Sports,94,44,138,46,22,27,3,3,35,20,3.19,0,558.85,none,0,2,4.93,1,2025-11-26,TX,social_media,2026-07-02,push
CUST-00215,2021-04-07,2026-05-31,35,7428.39,212.24,Beauty,60,23,83,112,23,4,6,5,35,0,17.74,0,7641.56,none,0,4,0.0,0,2021-03-10,PA,direct,2026-07-14,app
CUST-00216,2022-11-04,2026-01-16,7,854.46,122.07,Books,1,1,2,17,8,4,0,0,7,0,17.99,0,1160.93,none,0,0,0.0,0,2022-10-12,NY,direct,2026-08-02,email
CUST-00217,2025-01-05,2026-08-20,0,0.0,0.0,Books,0,0,0,0,0,0,0,0,2,2,20.08,0,0.0,none,0,0,0.0,0,2024-12-14,FL,referral,2026-07-27,push
CUST-00218,2022-05-06,2026-05-01,51,8805.27,172.65,Fashion,60,75,135,125,23,90,11,11,61,10,2.51,0,11977.18,inactive,11,0,0.0,0,2022-05-05,NC,direct,2026-06-24,push
CUST-00219,2025-09-20,2026-08-24,8,485.72,60.72,Electronics,25,54,79,29,9,8,2,1,40,32,44.7,0,635.1,none,0,1,4.63,1,2025-09-03,AZ,email,2026-07-09,app
CUST-00220,2023-11-18,2026-03-31,43,9747.79,226.69,Fashion,26,37,63,53,9,37,9,8,43,0,4.35,0,14458.7,none,0,2,4.23,0,2023-11-06,,direct,2026-07-16,app
CUST-00221,2023-03-24,2025-06-28,6,967.43,161.24,Electronics,1,0,1,9,5,10,0,0,6,0,27.19,1,1216.62,none,0,0,4.0,1,2023-03-18,CA,referral,2026-08-09,email
CUST-00222,2023-02-15,2025-08-07,9,768.71,85.41,Books,3,0,3,15,5,4,0,0,9,0,22.28,3,988.25,none,0,0,4.34,1,2023-02-03,TX,referral,2026-06-22,sms
CUST-00223,2024-10-02,2026-07-19,20,3311.03,165.55,Books,47,25,72,73,42,17,11,11,26,6,13.67,1,3396.55,active,23,1,4.57,2,2024-09-15,TX,google_ads,2026-08-27,sms
CUST-00224,2024-01-13,2025-11-18,9,830.69,92.3,Home & Garden,3,1,4,9,4,6,0,0,9,0,49.32,0,994.93,none,0,1,4.44,1,2023-12-19,MA,referral,2026-07-12,email
CUST-00225,2026-02-10,2026-08-18,9,662.88,73.65,Toys,104,21,125,29,13,0,2,1,39,30,43.58,0,810.18,none,0,0,5.0,0,2026-02-04,MA,referral,2026-06-04,sms
CUST-00226,2021-11-02,2025-06-21,9,381.91,42.43,Home & Garden,3,0,3,13,6,7,0,0,9,0,49.2,2,544.57,active,7,0,2.84,1,2021-10-09,NY,email,2026-07-18,sms
CUST-00227,2026-07-17,2026-08-30,1,325.53,325.53,Beauty,1,1,2,2,0,0,0,0,3,2,23.2,0,476.53,none,0,0,0.0,0,2026-07-15,TX,direct,2026-06-23,app
CUST-00228,2025-05-25,2026-08-15,27,6552.69,242.69,Electronics,83,98,181,47,24,4,7,6,29,2,13.26,0,9825.93,inactive,7,2,4.47,4,2025-05-06,WA,email,2026-08-19,push
CUST-00229,2025-08-09,2026-08-15,11,383.54,34.87,Electronics,62,44,106,40,6,8,4,4,20,9,25.35,0,562.33,none,0,0,5.0,1,2025-07-14,PA,google_ads,2026-08-21,push
CUST-00230,2024-01-29,2025-11-27,4,994.92,248.73,Electronics,1,1,2,14,4,0,0,0,4,0,22.97,0,1207.29,none,0,0,4.84,0,2024-01-27,NJ,direct,2026-06-08,app
CUST-00231,2024-03-15,2026-08-15,1,432.98,432.98,Electronics,11,2,13,1,0,1,0,0,31,30,44.54,0,532.41,active,40,0,0.0,0,2024-02-19,WA,organic,2026-07-17,email
CUST-00232,2026-07-05,2026-08-24,1,178.6,178.6,Electronics,5,2,7,2,0,1,0,0,16,15,9.47,0,263.24,none,0,0,4.1,0,2026-06-10,NJ,social_media,2026-06-20,app
CUST-00233,2022-08-06,2026-08-24,75,1694.98,22.6,Fashion,281,200,481,200,48,100,39,43,79,4,3.87,0,1985.92,none,0,6,3.96,17,2022-07-15,TX,google_ads,2026-07-05,app
CUST-00234,2026-08-08,2026-08-31,2,299.4,149.7,Food,6,8,14,2,0,0,0,0,4,2,24.72,2,331.1,active,45,0,4.44,0,2026-08-08,NC,google_ads,2026-08-16,push
CUST-00235,2024-03-19,2025-12-21,2,1152.63,576.32,Electronics,0,0,0,2,1,1,0,0,2,0,47.36,0,1506.31,inactive,33,0,0.0,0,2024-03-02,AZ,,2026-06-16,app
CUST-00236,2023-09-03,2025-12-31,4,1133.8,283.45,Fashion,0,0,0,11,2,0,0,0,4,0,17.7,1,1438.38,none,0,0,3.1,0,2023-08-30,IL,organic,2026-07-09,app
CUST-00237,2022-05-25,2026-06-02,37,7824.64,211.48,Electronics,19,25,44,113,24,9,10,9,37,0,42.85,1,9578.71,none,0,1,0.0,0,2022-05-06,MI,google_ads,2026-08-27,app
CUST-00238,2023-07-11,2026-08-15,82,2908.23,35.47,Fashion,237,215,452,148,15,26,44,40,89,7,34.03,0,3573.84,active,53,11,4.1,1,2023-07-11,NJ,referral,2026-06-11,sms
CUST-00239,2023-10-16,2026-08-27,52,20192.55,388.32,Food,313,248,561,73,42,100,6,5,53,1,13.59,1,24012.13,active,21,7,3.7,6,2023-10-09,AZ,social_media,2026-08-19,push
CUST-00240,2023-10-21,2026-08-30,68,17630.37,259.27,Home & Garden,302,197,499,80,32,100,9,9,74,6,6.39,0,20273.82,active,38,8,4.73,16,2023-10-04,OH,google_ads,2026-06-27,
CUST-00241,2025-09-23,2026-08-10,18,4547.6,252.64,Fashion,52,17,69,57,14,18,3,3,32,14,43.19,0,6281.05,active,1,0,4.25,2,2025-09-03,MA,referral,2026-07-13,email
CUST-00242,2025-10-21,2026-08-09,17,5891.78,346.58,Beauty,85,16,101,29,12,28,3,2,32,15,33.46,0,7329.08,inactive,37,0,2.99,2,2025-10-15,TX,direct,2026-08-26,sms
CUST-00243,2022-12-30,2025-06-06,0,0.0,0.0,Fashion,0,0,0,0,0,0,0,0,1,1,22.83,0,0.0,none,0,0,5.0,0,2022-12-08,NC,email,2026-07-11,sms
CUST-00244,2022-07-02,2025-11-06,6,0.0,0.0,Sports,2,0,2,16,2,11,0,0,6,0,35.88,1,0.0,none,0,0,0.0,0,2022-06-06,MA,social_media,2026-08-30,sms
CUST-00245,2022-10-02,2025-10-14,1,1066.15,1066.15,Home & Garden,0,0,0,2,0,1,0,0,4,3,42.91,0,1588.7,none,0,0,0.0,0,2022-09-05,PA,,2026-07-10,sms
CUST-00246,2025-01-05,2026-08-18,12,615.6,51.3,Home & Garden,94,83,177,29,15,21,2,2,38,26,39.57,0,863.41,none,0,0,,2,2024-12-10,AZ,referral,2026-07-26,push
CUST-00247,2022-06-16,2026-06-02,51,11738.19,230.16,Electronics,86,26,112,196,100,72,13,13,51,0,38.28,0,13636.51,none,0,4,3.57,3,2022-06-10,NC,social_media,2026-07-15,push
CUST-00248,2023-05-16,2026-04-08,41,8697.79,212.14,Toys,30,38,68,155,31,60,11,11,43,2,40.75,0,9988.96,active,57,5,4.14,1,2023-05-02,TX,email,2026-06-06,app
CUST-00249,2025-03-26,2026-08-12,6,366.92,61.15,Beauty,72,43,115,12,3,0,1,0,7,1,22.66,1,473.56,active,12,0,4.63,0,2025-03-18,NY,email,2026-08-12,push
CUST-00250,2024-02-02,2026-08-20,7,715.04,102.15,Toys,70,58,128,22,12,12,2,2,19,12,48.92,1,753.03,none,0,0,4.6,1,2024-01-16,CO,referral,2026-08-16,push
CUST-00251,2023-12-22,2026-08-19,5,480.16,96.03,Toys,42,34,76,8,3,0,1,1,11,6,28.19,0,658.3,active,51,0,4.43,0,2023-12-17,WA,email,2026-08-01,sms
CUST-00252,2024-02-03,2026-07-06,7,2091.58,298.8,Home & Garden,40,24,64,14,7,7,3,3,13,6,49.46,0,2794.41,active,7,0,4.55,1,2024-01-11,AZ,social_media,2026-06-06,email
CUST-00253,2024-04-21,2026-08-21,18,1839.94,102.22,Books,30,26,56,68,28,28,11,10,18,0,43.8,1,1994.61,none,0,1,4.35,5,2024-04-02,AZ,social_media,2026-06-30,email
CUST-00254,2025-03-30,2025-09-16,11,824.04,74.91,Food,1,2,3,16,4,5,0,0,11,0,20.37,4,847.08,active,4,1,0.0,0,2025-03-16,TX,direct,2026-07-20,sms
CUST-00255,2021-08-25,2026-08-30,52,17953.67,345.26,Books,350,65,415,70,40,2,9,10,55,3,6.78,0,24214.39,none,0,6,3.69,3,2021-08-11,NC,social_media,2026-07-19,app
CUST-00256,2026-07-07,2026-08-22,2,42.83,21.42,Books,8,2,10,6,2,3,0,0,22,20,5.24,0,53.97,none,0,0,,0,2026-06-10,OH,direct,2026-07-23,push
CUST-00257,2025-06-27,2026-08-22,12,5455.16,454.6,Fashion,43,27,70,29,2,12,2,2,13,1,17.71,0,6520.8,none,0,0,0.0,0,2025-06-10,NC,,2026-08-13,sms
CUST-00258,2025-09-28,2026-08-09,20,3696.81,184.84,Food,70,1,71,44,16,24,4,4,21,1,6.02,1,3986.3,none,0,2,4.79,2,2025-09-14,TX,email,2026-06-20,email
CUST-00259,2022-06-25,2025-07-13,0,0.0,0.0,Books,0,0,0,0,0,0,0,0,0,0,4.26,0,0.0,none,0,0,5.0,0,2022-06-18,CO,direct,2026-06-26,app
CUST-00260,2025-04-18,2026-08-22,10,465.28,46.53,Books,83,33,116,21,7,16,2,2,26,16,13.47,0,682.42,none,0,0,4.25,1,2025-04-11,NC,direct,2026-06-28,app
CUST-00261,2025-04-08,2026-08-13,13,1908.16,146.78,Beauty,30,45,75,28,6,10,6,5,16,3,38.12,2,2542.45,active,40,1,4.54,3,2025-03-15,MA,social_media,2026-08-25,app
CUST-00262,2026-07-04,2026-08-25,1,303.28,303.28,Home & Garden,4,2,6,3,1,0,0,0,18,17,27.08,0,342.24,none,0,0,3.47,0,2026-06-25,NC,email,2026-08-18,push
CUST-00263,2023-06-22,2025-05-11,6,892.99,148.83,Home & Garden,2,1,3,19,6,11,0,0,6,0,32.44,1,1175.96,active,27,0,4.74,0,2023-05-29,CO,email,2026-06-29,sms
CUST-00264,2022-01-01,2025-11-21,1,351.39,351.39,Electronics,0,0,0,3,0,0,0,0,2,1,38.1,0,525.04,none,0,0,0.0,0,2021-12-29,CO,email,2026-07-09,sms
CUST-00265,2024-01-20,2026-08-17,9,800.28,88.92,Fashion,122,41,163,29,11,9,2,1,20,11,13.44,0,1089.51,active,36,0,3.76,1,2024-01-11,OH,google_ads,2026-07-29,email
CUST-00266,2023-08-11,2026-08-23,49,22597.16,461.17,Home & Garden,257,12,269,100,23,67,9,8,65,16,2.77,0,23394.28,none,0,5,4.19,12,2023-07-14,NC,direct,2026-06-23,push
CUST-00267,2022-09-13,2026-08-20,59,3036.86,51.47,Food,230,111,341,122,36,100,26,23,62,3,41.84,0,3457.4,active,42,2,4.78,7,2022-08-24,MI,,2026-08-25,email
CUST-00268,2025-04-09,2026-08-14,14,1959.63,139.97,Home & Garden,61,14,75,37,8,9,12,10,26,12,1.52,0,2797.05,none,0,1,0.0,0,2025-03-29,TX,referral,2026-07-06,push
CUST-00269,2021-09-23,2026-03-15,31,10177.41,328.3,Sports,17,38,55,64,33,34,8,9,31,0,3.77,0,13583.36,none,0,2,4.34,1,2021-09-03,MA,referral,2026-07-06,sms
CUST-00270,2022-03-20,2026-05-29,41,8325.06,203.05,Books,81,46,127,80,27,24,7,5,41,0,27.7,0,9503.97,none,0,3,5.0,2,2022-03-03,IL,email,2026-08-26,sms
CUST-00271,2024-11-03,2026-08-27,6,810.76,135.13,Fashion,30,34,64,23,11,0,1,1,16,10,33.11,2,1164.98,none,0,0,3.0,1,2024-10-21,MA,social_media,2026-08-27,email
CUST-00272,2023-01-22,2026-04-17,31,6955.17,224.36,Fashion,17,35,52,114,36,34,9,7,32,1,23.74,0,9801.9,none,0,3,0.0,0,2023-01-09,NC,email,2026-08-05,email
CUST-00273,2022-04-16,2026-08-23,54,13478.97,249.61,Toys,290,65,355,103,37,70,9,9,90,36,14.29,0,15808.52,none,0,3,4.65,15,2022-03-19,NC,email,2026-07-07,email
CUST-00274,2024-12-26,2026-08-22,10,280.65,28.06,Sports,40,44,84,17,7,3,3,2,13,3,21.9,0,340.84,none,0,0,0.0,0,2024-12-24,WA,organic,2026-07-21,sms
CUST-00275,2024-07-21,2026-08-24,12,411.39,34.28,Home & Garden,143,16,159,16,4,19,2,1,14,2,42.94,1,463.47,none,0,0,,0,2024-07-10,WA,email,2026-07-12,email
CUST-00276,2023-02-25,2026-04-22,23,8431.67,366.59,Books,14,27,41,38,16,36,5,5,25,2,17.78,1,9674.09,none,0,2,3.97,5,2023-02-23,IL,social_media,2026-06-20,app
CUST-00277,2024-11-21,2026-08-05,5,1980.91,396.18,Fashion,9,0,9,7,3,2,3,3,18,13,44.44,1,2015.73,none,0,0,0.0,0,2024-11-10,CO,referral,2026-07-30,app
CUST-00278,2023-07-16,2026-07-17,4,1845.04,461.26,Toys,18,2,20,14,4,1,3,3,10,6,42.67,1,2658.89,none,0,0,4.52,0,2023-07-13,NC,referral,2026-08-10,email
CUST-00279,2025-03-26,2026-08-13,14,4913.47,350.96,Electronics,34,17,51,47,25,27,2,2,16,2,5.64,2,6476.22,active,26,0,4.36,0,2025-02-27,OH,email,2026-06-11,email
CUST-00280,2026-08-05,2026-08-23,1,197.85,197.85,Toys,6,3,9,2,1,0,0,0,5,4,14.28,3,228.8,active,32,0,0.0,0,2026-08-04,NY,email,2026-07-21,push
CUST-00281,2023-05-12,2025-08-20,0,0.0,0.0,Toys,0,0,0,0,0,0,0,0,0,0,40.47,1,0.0,none,0,0,0.0,0,2023-04-13,MI,,2026-06-27,email
CUST-00282,2024-08-05,2026-08-23,15,668.46,44.56,Home & Garden,115,14,129,45,10,17,4,4,35,20,25.72,0,948.36,none,0,1,,3,2024-07-19,MA,social_media,2026-08-15,email
CUST-00283,2025-06-06,2026-08-24,33,5090.22,154.25,Beauty,175,10,185,122,70,5,7,6,36,3,8.98,0,7528.38,none,0,0,4.75,4,2025-05-27,PA,google_ads,2026-06-27,app
CUST-00284,2021-05-08,2026-08-21,43,18475.83,429.67,Toys,157,92,249,62,22,39,8,9,47,4,24.59,2,25928.13,active,19,2,0.0,0,2021-04-25,AZ,social_media,2026-08-13,
CUST-00285,2023-12-08,2026-02-25,5,266.61,53.32,Sports,2,0,2,5,2,6,0,0,5,0,26.56,0,374.88,none,0,0,3.69,1,2023-11-09,MA,organic,2026-08-21,app
CUST-00286,2026-07-21,2026-08-22,2,509.92,254.96,Fashion,9,1,10,2,0,0,0,0,12,10,15.28,0,647.01,active,5,0,4.47,0,2026-07-09,CA,social_media,2026-08-16,app
CUST-00287,2024-12-07,2026-08-16,13,6499.19,499.94,Toys,72,41,113,50,18,10,3,3,15,2,6.32,1,7676.13,none,0,0,0.0,0,2024-11-11,PA,direct,2026-07-17,app
CUST-00288,2022-08-09,2026-01-13,4,465.1,116.28,Beauty,0,0,0,10,4,2,0,0,5,1,2.01,1,550.91,none,0,0,3.89,0,2022-07-19,FL,google_ads,2026-07-09,push
CUST-00289,2026-07-12,2026-08-31,1,400.81,400.81,Electronics,5,1,6,2,0,0,0,0,1,0,33.79,0,403.91,active,36,0,0.0,0,2026-06-16,MA,referral,2026-08-16,push
CUST-00290,2024-03-11,2026-08-10,11,823.64,74.88,Books,137,59,196,27,3,21,3,2,27,16,14.21,0,1065.28,none,0,1,0.0,0,2024-02-22,NC,referral,2026-06-30,email
CUST-00291,2024-03-14,2026-08-25,6,581.32,96.89,Home & Garden,74,42,116,8,2,9,1,0,10,4,23.18,2,713.61,none,0,0,5.0,0,2024-02-24,,google_ads,2026-08-17,sms
CUST-00292,2024-07-18,2026-08-09,12,4283.22,356.94,Electronics,88,11,99,41,5,22,3,3,12,0,12.89,0,5268.5,inactive,2,1,3.53,1,2024-07-15,WA,,2026-08-22,email
CUST-00293,2024-02-17,2026-08-22,64,3306.12,51.66,Sports,277,8,285,109,59,1,30,35,68,4,13.08,0,3352.72,inactive,53,3,4.1,3,2024-02-13,GA,referral,2026-07-11,app
CUST-00294,2024-11-03,2026-07-10,18,2216.05,123.11,Electronics,97,26,123,44,5,10,10,11,19,1,23.04,1,2395.75,none,0,1,3.97,3,2024-10-13,MA,google_ads,2026-06-22,push
CUST-00295,2026-07-25,2026-08-29,3,149.07,49.69,Electronics,18,2,20,6,2,4,0,0,19,16,13.52,1,187.7,none,0,0,3.84,0,2026-07-11,WA,email,2026-07-12,app
CUST-00296,2025-02-26,2026-08-19,32,3775.4,117.98,Food,218,54,272,103,15,30,9,9,33,1,25.07,0,4548.52,none,0,3,0.0,0,2025-02-16,TX,organic,2026-06-26,email
CUST-00297,2022-04-15,2026-05-17,49,12359.83,252.24,Food,98,59,157,179,41,22,10,9,52,3,31.8,2,12871.14,none,0,2,5.0,6,2022-03-25,FL,google_ads,2026-06-10,push
CUST-00298,2023-02-14,2026-05-29,34,8485.14,249.56,Electronics,70,5,75,44,6,0,7,8,35,1,27.04,3,9567.77,none,0,2,4.66,0,2023-02-09,WA,referral,2026-08-22,app
CUST-00299,2025-04-03,2026-08-17,4,3698.25,924.56,Electronics,25,16,41,5,1,2,0,0,18,14,8.15,1,5276.28,none,0,0,4.5,0,2025-04-02,FL,google_ads,2026-07-01,app
CUST-00300,2024-03-31,2026-08-26,66,3865.73,58.57,Electronics,152,147,299,81,10,59,38,44,66,0,6.16,0,3923.21,active,39,4,4.24,16,2024-03-19,,organic,2026-07-06,push
CUST-00301,2026-08-22,2026-08-31,3,343.35,114.45,Beauty,16,7,23,11,4,2,1,1,10,7,14.65,0,458.36,active,16,0,4.14,0,2026-07-29,MI,organic,2026-07-26,app
CUST-00302,2023-04-13,2026-08-22,15,2276.5,151.77,Food,86,13,99,38,12,21,7,6,16,1,36.91,0,2929.27,inactive,51,2,3.46,0,2023-03-21,NC,social_media,2026-07-11,app
CUST-00303,2023-11-20,2026-03-21,33,9058.8,274.51,Electronics,24,30,54,99,48,36,8,6,33,0,49.25,0,12133.3,active,43,3,0.0,0,2023-10-22,AZ,referral,2026-08-04,push
CUST-00304,2024-01-15,2025-08-29,8,0.0,0.0,Fashion,3,1,4,23,3,9,0,0,8,0,20.14,0,0.0,none,0,0,3.98,1,2023-12-31,WA,organic,2026-07-13,sms
CUST-00305,2022-11-06,2026-08-16,68,1660.42,24.42,Fashion,228,114,342,200,100,17,27,29,69,1,31.3,0,2049.83,none,0,5,2.94,1,2022-10-08,FL,email,2026-07-24,app
CUST-00306,2023-06-19,2026-04-13,39,12171.8,312.1,Toys,33,5,38,122,24,53,8,7,40,1,18.39,0,14056.18,none,0,3,0.0,0,2023-06-17,IL,google_ads,2026-07-28,push
CUST-00307,2024-01-09,2025-05-25,1,829.18,829.18,Home & Garden,0,0,0,2,0,0,0,0,1,0,27.87,0,1099.01,active,32,0,0.0,0,2023-12-16,NC,,2026-06-05,push
CUST-00308,2022-11-11,2026-08-09,21,2276.89,108.42,Home & Garden,62,28,90,73,31,25,12,13,21,0,43.54,0,2730.28,none,0,2,0.0,0,2022-10-31,WA,google_ads,2026-06-16,app
CUST-00309,2024-07-14,2026-08-19,28,4735.8,169.14,Fashion,189,102,291,108,58,52,7,7,29,1,13.59,0,6165.03,none,0,3,2.46,3,2024-07-14,IL,organic,2026-08-28,
CUST-00310,2025-02-19,2026-08-25,25,5122.98,204.92,Fashion,170,63,233,38,8,24,7,7,30,5,16.89,0,7039.9,none,0,1,4.39,6,2025-01-29,CA,google_ads,2026-08-29,
CUST-00311,2022-06-10,2025-10-10,5,145.09,29.02,Beauty,0,0,0,17,7,7,0,0,5,0,9.59,0,187.96,none,0,0,0.0,0,2022-05-17,FL,direct,2026-06-04,app
CUST-00312,2023-04-11,2025-06-15,3,750.75,250.25,Books,1,0,1,4,1,3,0,0,3,0,5.67,1,938.55,none,0,0,0.0,0,2023-03-26,,google_ads,2026-07-25,push
CUST-00313,2023-09-06,2026-08-28,92,4179.05,45.42,Home & Garden,435,134,569,200,93,68,50,50,98,6,24.46,0,4643.1,none,0,8,4.72,26,2023-08-11,TX,organic,2026-08-27,sms
CUST-00314,2025-03-26,2026-08-27,70,3938.81,56.27,Sports,257,37,294,191,100,44,46,40,74,4,16.82,0,4555.59,active,54,4,0.0,0,2025-03-04,AZ,organic,2026-07-11,email
CUST-00315,2023-03-09,2026-08-20,101,2849.03,28.21,Fashion,395,105,500,200,57,29,50,42,105,4,2.05,0,4111.68,none,0,13,4.77,29,2023-03-01,OH,email,2026-07-22,email
CUST-00316,2023-10-07,2025-08-17,5,455.74,91.15,Home & Garden,1,0,1,7,0,8,0,0,5,0,33.47,0,602.09,active,37,0,4.39,0,2023-09-18,IL,google_ads,2026-06-04,sms
CUST-00317,2022-07-20,2026-01-18,8,523.23,65.4,Electronics,3,2,5,20,11,8,0,0,9,1,8.62,0,668.56,none,0,0,0.0,0,2022-07-07,AZ,direct,2026-07-20,app
CUST-00318,2024-11-28,2025-07-14,6,196.58,32.76,Beauty,2,1,3,10,4,1,0,0,6,0,39.79,0,197.22,none,0,0,0.0,0,2024-11-10,OH,referral,2026-06-16,sms
CUST-00319,2025-04-14,2026-08-09,11,491.93,44.72,Fashion,33,74,107,40,6,2,3,3,22,11,26.37,0,492.13,none,0,0,3.85,1,2025-04-14,NJ,social_media,2026-07-07,app
CUST-00320,2025-08-09,2026-08-26,10,380.81,38.08,Food,109,14,123,30,4,8,2,2,14,4,44.09,2,418.22,none,0,0,4.16,2,2025-07-31,CA,google_ads,2026-07-06,app
CUST-00321,2025-01-23,2025-04-22,6,1200.4,200.07,Electronics,2,0,2,11,2,0,0,0,7,1,25.91,0,1218.91,none,0,0,2.92,1,2025-01-02,WA,social_media,2026-08-11,email
CUST-00322,2024-06-16,2026-07-13,14,3513.75,250.98,Fashion,26,43,69,42,8,7,11,10,20,6,15.92,0,5254.31,inactive,30,1,0.0,0,2024-06-14,CA,organic,2026-07-03,app
CUST-00323,2024-11-26,2026-08-17,6,858.56,143.09,Sports,63,51,114,15,6,6,2,2,9,3,21.84,0,1032.51,active,49,0,4.95,1,2024-11-16,PA,direct,2026-08-29,app
CUST-00324,2025-06-09,2026-08-15,10,710.6,71.06,Fashion,45,61,106,35,7,17,2,2,11,1,32.29,0,1007.83,none,0,0,5.0,2,2025-06-07,MA,referral,2026-06-13,email
CUST-00325,2024-12-06,2026-07-04,10,988.98,98.9,Home & Garden,49,26,75,19,7,17,4,3,11,1,19.43,0,1358.21,active,31,0,3.38,2,2024-11-29,TX,email,2026-06-14,app
CUST-00326,2026-07-24,2026-08-19,1,419.48,419.48,Electronics,4,4,8,3,0,0,0,0,12,11,37.95,0,428.85,none,0,0,4.92,0,2026-07-03,CA,organic,2026-08-25,email
CUST-00327,2024-10-21,2026-08-21,13,935.91,71.99,Sports,190,4,194,25,6,16,2,2,14,1,4.75,1,1087.59,none,0,0,3.95,0,2024-10-10,MA,direct,2026-06-16,push
CUST-00328,2023-08-24,2026-04-24,53,7309.58,137.92,Books,41,71,112,200,100,83,13,12,53,0,3.95,1,10177.58,none,0,7,4.49,4,2023-08-08,MA,referral,2026-07-24,
CUST-00329,2023-05-10,2026-08-22,71,17665.67,248.81,Sports,700,271,971,105,58,73,8,9,85,14,36.59,1,19435.24,inactive,41,2,5.0,16,2023-05-06,NY,email,2026-06-30,sms
CUST-00330,2026-08-07,2026-08-20,2,179.93,89.97,Books,6,1,7,3,0,1,0,0,11,9,34.36,0,262.93,none,0,0,4.72,0,2026-07-28,CA,email,2026-06-15,app
CUST-00331,2022-09-01,2026-08-17,9,2881.06,320.12,Food,30,28,58,22,11,14,5,4,12,3,41.31,0,3636.53,none,0,0,4.63,0,2022-08-11,IL,direct,2026-06-04,push
CUST-00332,2025-04-08,2026-08-16,12,2743.79,228.65,Electronics,40,40,80,43,6,17,9,8,15,3,35.55,0,2898.54,none,0,1,3.82,0,2025-03-23,PA,referral,2026-08-27,push
CUST-00333,2026-07-10,2026-08-16,3,298.0,99.33,Toys,8,3,11,4,1,0,0,0,9,6,36.52,0,436.72,none,0,0,3.99,0,2026-06-24,FL,social_media,2026-06-20,email
CUST-00334,2024-01-18,2026-08-15,8,610.68,76.33,Beauty,46,40,86,11,2,14,2,2,9,1,12.38,1,843.65,none,0,1,4.15,0,2024-01-03,MI,direct,2026-07-13,push
CUST-00335,2023-10-02,2026-08-25,57,8798.06,154.35,Beauty,224,58,282,147,36,71,6,6,60,3,0.01,0,12905.06,none,0,1,4.07,10,2023-09-24,IL,referral,2026-08-27,app
CUST-00336,2025-08-05,2026-08-10,27,2693.07,99.74,Toys,87,14,101,83,35,20,7,5,29,2,46.05,0,3032.74,none,0,3,0.0,0,2025-07-10,GA,social_media,2026-07-15,app
CUST-00337,2023-11-18,2026-03-07,47,13627.71,289.95,Home & Garden,68,26,94,98,12,64,10,8,51,4,40.13,0,15661.31,none,0,2,0.0,0,2023-11-02,IL,organic,2026-07-12,push
CUST-00338,2023-03-29,2026-08-19,43,13213.73,307.3,Toys,199,5,204,60,26,10,5,4,57,14,29.12,1,16959.9,none,0,0,4.07,9,2023-03-04,CA,organic,2026-06-12,sms
CUST-00339,2024-07-12,2025-11-14,2,484.52,242.26,Food,0,0,0,6,3,0,0,0,2,0,27.57,0,515.0,none,0,0,0.0,0,2024-06-24,NC,email,2026-08-11,email
CUST-00340,2025-08-29,2026-08-28,30,2590.05,86.33,Electronics,72,95,167,90,10,24,5,5,31,1,29.54,2,3623.22,none,0,4,0.0,0,2025-08-08,MI,organic,2026-07-27,app
CUST-00341,2025-07-03,2026-08-05,17,3381.58,198.92,Food,117,2,119,33,13,20,3,3,17,0,40.77,0,3607.74,none,0,1,0.0,0,2025-06-08,CA,organic,2026-07-07,email
CUST-00342,2022-03-21,2026-08-29,40,13894.14,347.35,Food,120,216,336,120,65,35,5,5,40,0,26.04,1,19661.55,none,0,4,0.0,0,2022-03-11,MI,organic,2026-07-18,sms
CUST-00343,2024-03-01,2025-11-11,7,588.43,84.06,Toys,2,2,4,20,10,13,0,0,7,0,8.59,0,619.44,active,21,0,3.9,0,2024-02-28,GA,referral,2026-07-10,email
CUST-00344,2022-08-28,2025-12-27,9,703.62,78.18,Toys,1,1,2,19,4,3,0,0,9,0,8.18,0,713.0,active,52,0,4.51,2,2022-08-15,CA,referral,2026-06-19,app
CUST-00345,2024-01-22,2026-07-29,14,2202.99,157.36,Fashion,71,6,77,23,7,14,11,10,23,9,30.92,0,2375.19,none,0,0,3.12,2,2023-12-29,MI,social_media,2026-08-02,push
CUST-00346,2022-04-27,2026-04-20,35,8057.24,230.21,Sports,63,44,107,62,21,68,6,6,35,0,30.3,0,11921.63,none,0,4,3.46,9,2022-04-04,IL,,2026-06-30,sms
CUST-00347,2023-06-21,2025-10-23,11,635.52,57.77,Food,2,0,2,11,3,7,1,1,11,0,47.76,2,736.63,active,45,0,4.79,2,2023-06-15,PA,social_media,2026-08-06,sms
CUST-00348,2023-03-15,2026-08-12,11,1685.11,153.19,Fashion,16,34,50,42,9,9,5,5,14,3,13.5,0,2236.16,none,0,0,4.86,0,2023-02-23,OH,organic,2026-06-13,push
CUST-00349,2025-01-22,2025-11-29,5,479.56,95.91,Sports,1,1,2,18,4,8,0,0,5,0,26.01,0,483.22,inactive,17,0,0.0,0,2025-01-07,CO,google_ads,2026-07-04,sms
CUST-00350,2026-08-06,2026-08-19,2,355.35,177.68,Books,4,3,7,3,0,0,0,0,22,20,4.32,1,515.02,none,0,0,0.0,0,2026-07-25,GA,email,2026-07-29,email
CUST-00351,2024-12-06,2026-08-10,20,3905.66,195.28,Food,146,13,159,63,6,23,5,4,21,1,32.58,1,5249.26,none,0,0,3.13,5,2024-11-21,IL,email,2026-08-12,push
CUST-00352,2022-09-08,2026-05-09,46,12216.88,265.58,Books,25,30,55,153,67,58,13,10,48,2,39.37,0,14195.37,active,53,3,5.0,11,2022-08-30,PA,referral,2026-08-25,push
CUST-00353,2025-09-24,2026-08-15,13,338.48,26.04,Sports,140,48,188,28,12,1,4,4,39,26,8.53,2,449.53,none,0,0,4.07,3,2025-09-14,WA,organic,2026-06-24,app
CUST-00354,2024-09-18,2026-08-14,3,340.73,113.58,Food,44,7,51,5,2,1,0,0,8,5,5.3,0,477.81,active,46,0,3.71,0,2024-09-16,MA,social_media,2026-06-05,email
CUST-00355,2022-11-28,2026-03-31,35,5752.01,164.34,Toys,17,26,43,114,58,61,7,7,35,0,24.4,0,6815.11,none,0,2,4.45,9,2022-11-26,PA,,2026-06-15,sms
CUST-00356,2025-09-15,2026-08-04,29,5013.18,172.87,Sports,182,45,227,51,16,27,5,5,34,5,48.92,1,6406.11,none,0,2,3.43,3,2025-09-14,NC,organic,2026-08-28,email
CUST-00357,2024-07-22,2026-08-16,3,327.2,109.07,Home & Garden,16,11,27,5,1,2,0,0,6,3,7.79,2,398.16,none,0,0,4.12,0,2024-07-02,PA,email,2026-08-22,push
CUST-00358,2026-07-04,2026-08-30,2,71.23,35.61,Fashion,3,2,5,2,0,2,0,0,14,12,8.81,0,83.22,none,0,0,0.0,0,2026-07-02,CA,referral,2026-07-24,sms
CUST-00359,2026-08-25,2026-08-25,3,365.57,121.86,Books,20,5,25,7,1,3,1,1,13,10,45.3,1,488.78,inactive,38,0,4.51,0,2026-08-14,MA,referral,2026-07-30,email
CUST-00360,2022-11-04,2026-08-20,94,3428.38,36.47,Sports,448,234,682,200,86,40,50,48,94,0,40.32,0,5103.87,inactive,29,6,0.0,0,2022-11-04,NJ,referral,2026-08-19,push
CUST-00361,2025-10-22,2026-08-16,13,373.35,28.72,Beauty,62,12,74,17,2,15,3,2,15,2,47.89,1,416.37,none,0,0,4.14,0,2025-09-28,AZ,organic,2026-08-11,app
CUST-00362,2025-08-21,2026-08-11,24,5893.9,245.58,Sports,113,98,211,84,28,1,5,5,27,3,5.55,0,8167.73,none,0,2,4.06,3,2025-08-08,MI,social_media,2026-08-09,push
CUST-00363,2025-02-06,2026-08-26,10,6071.8,607.18,Fashion,57,19,76,22,3,10,1,0,20,10,12.91,0,9083.46,none,0,1,4.38,2,2025-01-12,AZ,email,2026-07-23,push
CUST-00364,2025-05-01,2026-08-27,8,692.95,86.62,Beauty,32,54,86,15,4,3,2,1,59,50,35.15,0,837.33,none,0,0,3.8,1,2025-04-20,TX,email,2026-07-25,push
CUST-00365,2024-08-18,2026-07-05,15,2741.94,182.8,Toys,59,46,105,25,13,0,11,12,21,6,21.95,0,4003.38,none,0,0,,2,2024-08-10,OH,email,2026-07-17,push
CUST-00366,2026-08-02,2026-08-24,1,157.56,157.56,Food,5,0,5,3,0,1,0,0,19,18,6.7,1,157.9,none,0,0,0.0,0,2026-07-20,NJ,email,2026-07-16,sms
CUST-00367,2026-08-13,2026-08-16,1,290.82,290.82,Books,5,3,8,3,0,0,0,0,30,29,24.69,0,311.18,none,0,0,0.0,0,2026-08-02,NC,google_ads,2026-07-08,email
CUST-00368,2024-08-03,2026-08-14,9,479.08,53.23,Food,101,9,110,12,3,3,1,1,9,0,41.53,0,712.55,none,0,0,0.0,0,2024-07-05,WA,email,2026-06-04,email
CUST-00369,2022-04-05,2025-10-15,5,349.09,69.82,Food,2,0,2,6,1,7,0,0,5,0,39.85,0,468.94,none,0,0,3.99,1,2022-03-31,NY,direct,2026-07-18,email
CUST-00370,2024-01-12,2026-08-30,65,3368.64,51.83,Home & Garden,266,170,436,70,26,27,34,37,66,1,31.92,1,4975.64,none,0,7,3.29,3,2024-01-06,OH,organic,2026-08-10,app
CUST-00371,2026-08-08,2026-08-31,1,269.13,269.13,Food,5,2,7,3,0,0,0,0,5,4,30.6,0,363.59,none,0,0,5.0,0,2026-07-31,AZ,referral,2026-08-28,email
CUST-00372,2025-07-08,2026-08-17,15,7654.01,510.27,Home & Garden,72,35,107,33,5,3,3,3,19,4,32.97,2,7998.87,none,0,1,4.32,1,2025-07-07,NY,social_media,2026-08-22,app
CUST-00373,2023-10-11,2026-03-28,41,6136.75,149.68,Sports,29,61,90,93,25,58,8,9,42,1,35.98,0,8732.96,none,0,1,0.0,0,2023-09-18,PA,google_ads,2026-08-24,sms
CUST-00374,2024-11-02,2026-08-24,9,921.38,102.38,Beauty,82,66,148,23,2,5,2,2,38,29,11.42,0,1014.06,none,0,1,4.26,1,2024-10-08,MA,referral,2026-06-27,push
CUST-00375,2024-12-28,2026-08-23,0,0.0,0.0,Toys,0,0,0,0,0,0,0,0,6,6,23.49,0,0.0,none,0,0,4.6,0,2024-12-18,AZ,google_ads,2026-08-11,email
CUST-00376,2021-03-27,2026-04-05,41,13793.78,336.43,Toys,27,57,84,87,33,64,8,8,41,0,14.56,0,19388.75,inactive,43,5,2.96,4,2021-03-03,CO,referral,2026-07-15,push
CUST-00377,2026-07-29,2026-08-15,3,58.39,19.46,Home & Garden,20,5,25,11,3,3,1,1,5,2,37.31,0,66.24,none,0,0,4.4,0,2026-07-23,TX,referral,2026-08-03,sms
CUST-00378,2024-11-19,2026-07-16,15,2451.03,163.4,Electronics,48,27,75,17,8,23,8,8,25,10,32.04,0,3255.1,inactive,19,0,,2,2024-11-17,WA,social_media,2026-07-21,app
CUST-00379,2022-11-01,2026-07-30,11,1202.47,109.32,Sports,53,24,77,30,11,12,9,7,11,0,9.57,0,1311.42,none,0,0,3.64,0,2022-10-05,CA,organic,2026-07-22,app
CUST-00380,2023-06-23,2026-08-20,88,3320.97,37.74,Home & Garden,425,179,604,200,100,77,50,49,101,13,3.8,0,4461.64,none,0,7,4.01,8,2023-05-25,NY,direct,2026-08-08,app
CUST-00381,2024-10-06,2026-02-01,4,1014.18,253.54,Toys,0,1,1,15,4,7,0,0,4,0,6.13,2,1244.45,none,0,0,0.0,0,2024-09-24,AZ,social_media,2026-08-21,email
CUST-00382,2024-10-08,2026-08-10,18,271.96,15.11,Home & Garden,94,43,137,46,23,14,6,6,21,3,40.36,1,320.49,none,0,0,0.0,0,2024-09-11,NY,google_ads,2026-08-17,push
CUST-00383,2025-05-14,2026-08-27,20,6094.79,304.74,Electronics,47,26,73,38,13,26,4,4,23,3,14.51,0,6167.06,active,25,2,4.61,0,2025-05-10,FL,email,2026-08-22,sms
CUST-00384,2026-07-09,2026-08-19,3,213.15,71.05,Food,14,7,21,8,4,5,1,1,24,21,4.92,0,265.91,none,0,0,3.95,0,2026-06-27,WA,referral,2026-08-15,app
CUST-00385,2025-08-18,2026-08-17,7,590.77,84.4,Toys,87,59,146,14,3,8,2,2,16,9,3.72,3,839.96,active,54,0,5.0,1,2025-07-26,NC,email,2026-08-03,email
CUST-00386,2022-04-22,2025-11-16,6,317.7,52.95,Sports,2,0,2,21,10,0,0,0,6,0,32.56,1,335.56,none,0,0,0.0,0,2022-04-12,MI,organic,2026-08-04,app
CUST-00387,2026-07-17,2026-08-25,2,184.04,92.02,Electronics,9,6,15,2,0,3,0,0,9,7,22.16,1,263.45,active,46,0,4.57,0,2026-06-29,NY,social_media,2026-06-30,email
CUST-00388,2026-07-07,2026-08-25,2,394.53,197.26,Books,12,5,17,4,0,2,0,0,9,7,14.32,1,500.97,active,32,0,0.0,0,2026-06-30,NJ,organic,2026-08-29,push
CUST-00389,2024-09-27,2026-08-28,2,2864.01,1432.0,Sports,10,0,10,6,0,0,0,0,9,7,38.51,0,4058.48,active,13,0,3.9,0,2024-09-07,AZ,social_media,2026-08-07,email
CUST-00390,2023-04-29,2026-01-08,8,698.21,87.28,Toys,1,0,1,15,6,3,0,0,8,0,5.22,0,830.83,none,0,0,3.62,0,2023-04-05,GA,direct,2026-07-27,sms
CUST-00391,2025-05-24,2026-08-11,14,378.84,27.06,Sports,99,86,185,14,6,13,5,5,53,39,45.46,0,447.06,none,0,1,4.08,0,2025-05-24,OH,social_media,2026-06-13,email
CUST-00392,2022-08-21,2026-07-06,19,790.39,41.6,Toys,32,5,37,19,6,19,14,12,26,7,8.47,1,1016.39,none,0,0,0.0,0,2022-08-19,IL,social_media,2026-08-11,sms
CUST-00393,2022-11-24,2026-08-26,80,3300.13,41.25,Fashion,108,146,254,149,26,87,49,40,85,5,31.19,0,4074.73,none,0,6,4.79,22,2022-11-10,AZ,email,2026-07-10,app
CUST-00394,2023-02-08,2026-08-19,48,2629.96,54.79,Fashion,210,60,270,111,46,74,19,19,49,1,17.3,0,3246.77,none,0,0,0.0,0,2023-01-11,MI,referral,2026-06-07,app
CUST-00395,2024-08-29,2026-08-30,11,3492.92,317.54,Home & Garden,71,5,76,27,12,12,3,2,19,8,26.7,0,4087.2,none,0,1,4.96,2,2024-08-25,OH,google_ads,2026-08-31,email
CUST-00396,2023-07-14,2026-08-31,27,11614.23,430.16,Electronics,64,35,99,49,18,7,3,3,43,16,9.03,0,13679.37,none,0,2,0.0,0,2023-06-15,PA,email,2026-08-14,push
CUST-00397,2025-02-03,2026-08-17,1,493.84,493.84,Food,13,4,17,3,0,0,0,0,1,0,12.19,0,705.99,none,0,0,3.58,0,2025-01-22,AZ,email,2026-08-08,sms
CUST-00398,2021-06-21,2026-08-29,65,19340.83,297.55,Fashion,439,340,779,74,21,20,11,9,75,10,14.31,0,28395.75,active,26,0,3.8,9,2021-06-03,AZ,direct,2026-06-19,sms
CUST-00399,2026-08-21,2026-08-27,2,524.25,262.13,Home & Garden,9,8,17,4,1,3,0,0,20,18,46.53,0,629.2,none,0,0,5.0,0,2026-07-30,PA,email,2026-06-10,push
CUST-00400,2025-02-03,2026-08-26,2,432.84,216.42,Sports,18,10,28,4,1,2,0,0,2,0,48.12,0,522.15,inactive,1,0,,0,2025-01-20,NJ,google_ads,2026-06-26,sms
CUST-00401,2024-04-09,2026-08-09,5,195.46,39.09,Sports,39,9,48,7,2,6,1,1,55,50,47.08,2,244.32,active,13,0,4.38,0,2024-03-30,PA,email,2026-07-13,push
CUST-00402,2023-11-11,2026-07-09,17,1355.58,79.74,Beauty,62,47,109,30,5,11,11,11,17,0,22.88,0,1926.29,none,0,2,4.25,3,2023-10-14,NJ,direct,2026-08-29,app
CUST-00403,2022-01-03,2026-04-23,57,12553.21,220.23,Books,104,54,158,200,100,73,11,12,59,2,49.26,0,13053.18,active,38,8,0.0,0,2021-12-13,OH,organic,2026-08-23,push
CUST-00404,2024-12-07,2026-08-25,81,3461.75,42.74,Books,235,199,434,146,28,100,49,49,82,1,1.74,0,3646.2,none,0,0,3.46,1,2024-12-05,NC,referral,2026-07-13,email
CUST-00405,2023-07-11,2026-08-03,12,2001.44,166.79,Electronics,48,1,49,29,13,20,10,9,12,0,11.85,1,2973.62,none,0,0,3.56,2,2023-06-29,FL,direct,2026-07-20,sms
CUST-00406,2023-09-19,2026-07-28,10,2637.57,263.76,Electronics,25,23,48,31,16,9,8,9,22,12,28.74,0,3118.12,active,15,1,5.0,2,2023-09-16,OH,organic,2026-08-19,sms
CUST-00407,2025-09-04,2026-08-20,29,4486.21,154.7,Toys,114,110,224,60,23,29,7,8,29,0,28.7,1,5566.0,active,34,1,0.0,0,2025-08-08,NC,direct,2026-07-30,app
CUST-00408,2023-10-19,2026-08-24,96,4063.39,42.33,Sports,445,50,495,178,63,50,46,47,96,0,2.91,0,5527.56,none,0,6,4.55,1,2023-10-13,MI,referral,2026-06-13,push
CUST-00409,2024-05-21,2026-08-05,14,2838.79,202.77,Beauty,65,36,101,18,8,19,11,8,14,0,18.65,0,3631.36,none,0,0,3.61,0,2024-04-25,FL,organic,2026-08-16,app
CUST-00410,2024-07-12,2026-08-18,12,8290.4,690.87,Food,86,19,105,44,11,13,1,1,19,7,11.72,0,10973.05,none,0,1,4.4,3,2024-06-21,OH,google_ads,2026-07-03,sms
CUST-00411,2026-07-27,2026-08-19,2,145.14,72.57,Sports,4,3,7,2,1,1,0,0,7,5,17.68,1,177.28,none,0,0,4.56,0,2026-07-04,TX,,2026-06-10,push
CUST-00412,2021-05-27,2026-03-30,35,15972.66,456.36,Beauty,38,17,55,94,48,65,9,10,36,1,19.49,0,20892.55,active,35,3,4.27,2,2021-04-29,NJ,direct,2026-07-16,push
CUST-00413,2023-11-08,2026-03-26,45,9336.01,207.47,Home & Garden,97,9,106,140,44,22,11,12,45,0,45.72,1,13693.01,none,0,6,2.99,0,2023-10-12,PA,referral,2026-07-06,email
CUST-00414,2024-03-21,2026-08-26,80,1326.51,16.58,Beauty,112,62,174,122,13,100,32,35,80,0,45.61,2,1760.21,none,0,0,3.45,21,2024-03-01,MA,direct,2026-06-09,email
CUST-00415,2024-06-22,2026-08-24,105,2546.75,24.25,Sports,105,238,343,200,100,96,50,48,108,3,23.86,0,3533.86,none,0,4,0.0,0,2024-05-25,TX,social_media,2026-07-08,push
CUST-00416,2023-11-17,2026-03-30,62,10998.72,177.4,Beauty,141,87,228,200,83,37,18,16,62,0,22.11,0,16379.82,none,0,5,4.0,9,2023-11-15,CO,direct,2026-08-18,sms
CUST-00417,2026-07-27,2026-08-20,1,460.58,460.58,Home & Garden,7,4,11,2,0,0,0,0,8,7,24.44,0,509.24,none,0,0,4.86,0,2026-07-19,CO,social_media,2026-07-18,email
CUST-00418,2024-09-08,2026-08-04,31,3802.19,122.65,Books,230,95,325,90,9,53,5,5,31,0,32.3,0,4183.87,active,26,0,4.33,5,2024-08-13,,google_ads,2026-06-05,email
CUST-00419,2021-07-29,2026-05-15,38,11429.46,300.78,Sports,86,50,136,135,70,36,6,5,39,1,24.5,0,12901.9,none,0,2,0.0,0,2021-07-16,OH,google_ads,2026-07-11,app
CUST-00420,2025-08-21,2026-08-08,7,504.23,72.03,Books,49,31,80,16,5,1,2,1,10,3,3.24,1,611.99,none,0,0,2.8,0,2025-08-07,NY,social_media,2026-07-24,push
CUST-00421,2022-02-05,2025-12-31,3,719.06,239.69,Sports,1,0,1,7,3,5,0,0,3,0,29.9,0,1025.07,none,0,0,4.09,0,2022-02-02,IL,referral,2026-06-05,push
CUST-00422,2024-09-10,2025-12-19,7,922.2,131.74,Books,2,1,3,13,4,1,0,0,8,1,13.02,0,1173.78,none,0,0,0.0,0,2024-08-12,IL,email,2026-08-12,app
CUST-00423,2024-02-17,2025-12-13,9,750.23,83.36,Beauty,2,2,4,16,5,3,0,0,9,0,48.35,0,1045.56,none,0,0,4.6,0,2024-01-20,PA,direct,2026-07-07,push
CUST-00424,2025-04-04,2026-07-21,14,1259.78,89.98,Beauty,80,41,121,15,5,11,8,7,16,2,21.62,3,1315.61,none,0,1,3.55,3,2025-03-23,AZ,google_ads,2026-08-31,sms
CUST-00425,2024-04-15,2026-08-14,6,468.05,78.01,Books,22,35,57,21,8,4,2,2,17,11,7.72,0,640.87,none,0,0,4.33,0,2024-03-25,NJ,email,2026-07-12,sms
CUST-00426,2024-08-03,2026-08-11,8,604.12,75.52,Fashion,92,38,130,19,4,11,1,1,12,4,47.78,0,664.45,inactive,25,0,4.05,2,2024-07-14,MA,direct,2026-07-03,sms
CUST-00427,2023-01-27,2026-08-18,39,10251.88,262.87,Toys,122,164,286,144,45,38,7,7,45,6,28.92,1,10799.76,none,0,2,0.0,0,2023-01-19,PA,direct,2026-08-06,app
CUST-00428,2021-09-13,2025-09-26,3,854.83,284.94,Fashion,0,0,0,6,1,4,0,0,3,0,9.15,0,1107.65,none,0,0,0.0,0,2021-09-13,CA,social_media,2026-08-20,app
CUST-00429,2026-08-13,2026-08-29,1,176.62,176.62,Electronics,2,4,6,3,1,1,0,0,6,5,2.56,1,221.24,none,0,0,3.88,0,2026-07-29,TX,social_media,2026-07-04,push
CUST-00430,2025-03-11,2025-05-07,2,580.66,290.33,Sports,0,0,0,3,0,3,0,0,2,0,20.91,0,635.07,none,0,0,4.25,0,2025-03-03,,,2026-07-25,push
CUST-00431,2024-12-18,2025-09-14,0,0.0,0.0,Beauty,0,0,0,0,0,0,0,0,0,0,34.69,1,0.0,none,0,0,5.0,0,2024-12-03,TX,referral,2026-08-07,push
CUST-00432,2023-09-12,2026-07-20,10,1719.94,171.99,Beauty,24,13,37,10,3,10,6,7,24,14,8.09,0,2084.53,none,0,1,4.66,1,2023-08-30,GA,organic,2026-07-16,push
CUST-00433,2024-04-11,2026-07-26,19,1934.75,101.83,Toys,67,24,91,33,14,29,10,8,30,11,0.5,2,2541.89,none,0,0,0.0,0,2024-03-24,IL,social_media,2026-06-09,sms
CUST-00434,2024-11-21,2026-07-14,23,2051.46,89.19,Books,31,3,34,24,11,14,18,17,26,3,25.64,1,2332.0,active,33,1,4.15,4,2024-10-30,MA,google_ads,2026-06-23,app
CUST-00435,2023-05-18,2026-03-11,62,11565.41,186.54,Books,125,54,179,75,40,3,16,17,69,7,2.71,0,14039.48,none,0,0,4.42,8,2023-04-19,WA,referral,2026-07-25,email
CUST-00436,2022-09-04,2026-02-11,4,1136.24,284.06,Books,0,0,0,9,2,4,0,0,4,0,5.24,1,1312.23,none,0,0,4.1,0,2022-08-27,NC,email,2026-08-23,app
CUST-00437,2024-08-12,2026-07-16,13,1377.71,105.98,Home & Garden,37,42,79,48,28,23,6,6,16,3,49.54,0,1759.23,none,0,0,0.0,0,2024-08-11,AZ,direct,2026-07-25,sms
CUST-00438,2026-08-19,2026-08-26,1,560.06,560.06,Food,5,2,7,2,0,0,0,0,9,8,45.56,0,618.24,none,0,0,4.9,0,2026-08-07,NJ,social_media,2026-08-03,push
CUST-00439,2024-10-17,2026-08-28,105,3324.15,31.66,Home & Garden,161,54,215,200,49,100,50,50,110,5,41.91,0,3670.4,none,0,8,3.85,11,2024-09-28,NJ,organic,2026-07-09,app
CUST-00440,2023-05-09,2026-08-07,8,2740.23,342.53,Electronics,17,2,19,29,15,15,6,7,18,10,42.22,0,3264.11,none,0,0,4.3,1,2023-04-14,IL,direct,2026-08-22,sms
CUST-00441,2021-12-11,2025-07-01,10,422.36,42.24,Electronics,3,0,3,37,7,4,0,0,10,0,43.75,0,462.1,inactive,29,1,,0,2021-11-20,CA,direct,2026-06-07,sms
CUST-00442,2021-07-16,2026-06-02,48,8144.98,169.69,Electronics,45,58,103,174,23,3,12,10,48,0,1.12,0,9218.8,active,22,5,3.92,9,2021-07-15,MI,direct,2026-07-13,sms
CUST-00443,2024-10-09,2026-07-12,16,2622.9,163.93,Home & Garden,95,15,110,56,10,23,10,11,20,4,1.25,0,2813.48,none,0,2,3.53,3,2024-09-11,CA,email,2026-07-11,email
CUST-00444,2025-02-15,2026-08-08,14,6082.15,434.44,Toys,76,1,77,48,8,14,2,2,16,2,36.23,0,8370.48,active,17,1,0.0,0,2025-01-18,IL,email,2026-07-17,email
CUST-00445,2022-04-11,2025-08-25,7,546.62,78.09,Beauty,1,1,2,19,6,9,0,0,7,0,0.29,0,751.3,none,0,0,4.71,1,2022-04-07,MI,google_ads,2026-08-07,sms
CUST-00446,2023-09-22,2026-08-18,15,0.0,0.0,Beauty,27,9,36,30,9,10,11,9,17,2,41.86,0,0.0,none,0,0,0.0,0,2023-09-15,NY,google_ads,2026-06-13,app
CUST-00447,2026-08-06,2026-08-27,2,228.83,114.42,Sports,14,5,19,2,0,2,0,0,5,3,5.34,1,303.8,none,0,0,0.0,0,2026-07-16,NY,direct,2026-07-25,
CUST-00448,2024-09-02,2026-08-16,22,3006.49,136.66,Electronics,38,56,94,48,23,1,4,4,27,5,27.5,0,3205.41,none,0,2,3.75,4,2024-08-20,CO,email,2026-07-02,push
CUST-00449,2022-03-10,2026-01-29,6,111.1,18.52,Beauty,1,0,1,14,2,8,0,0,6,0,10.25,1,158.09,none,0,0,3.68,1,2022-02-24,FL,email,2026-06-23,push
CUST-00450,2025-09-19,2026-08-25,13,75.93,5.84,Electronics,156,75,231,22,10,6,3,3,40,27,24.08,0,87.43,none,0,0,4.95,3,2025-09-08,MI,referral,2026-06-14,app
CUST-00451,2021-08-04,2026-04-04,31,9009.96,290.64,Books,26,20,46,106,26,15,7,7,31,0,4.07,1,11105.33,none,0,3,0.0,0,2021-07-25,CA,google_ads,2026-06-16,push
CUST-00452,2025-01-10,2026-08-29,67,3542.62,52.87,Books,223,84,307,200,25,79,49,48,67,0,12.14,0,5253.69,none,0,9,4.63,19,2025-01-03,CO,referral,2026-08-01,app
CUST-00453,2022-08-24,2026-07-12,13,1773.62,136.43,Toys,67,30,97,28,13,23,11,10,14,1,45.64,0,2413.62,active,23,0,0.0,0,2022-08-11,MI,google_ads,2026-07-27,sms
CUST-00454,2024-02-25,2026-08-26,101,3923.37,38.85,Sports,340,266,606,200,49,43,41,33,111,10,33.92,1,5129.11,none,0,7,3.58,10,2024-01-27,NY,direct,2026-08-17,push
CUST-00455,2022-03-08,2026-04-02,42,7904.38,188.2,Sports,100,40,140,152,66,29,9,9,50,8,12.68,2,11556.51,none,0,5,4.24,0,2022-02-26,IL,google_ads,2026-06-26,app
CUST-00456,2025-06-12,2026-08-20,21,6907.5,328.93,Electronics,31,39,70,66,32,39,5,4,40,19,38.77,0,9310.06,none,0,2,4.13,4,2025-06-12,PA,organic,2026-07-26,sms
CUST-00457,2021-06-14,2025-09-23,8,847.37,105.92,Books,3,0,3,25,11,1,0,0,8,0,4.55,0,989.2,none,0,0,0.0,0,2021-06-14,NY,google_ads,2026-06-25,sms
CUST-00458,2024-12-22,2026-08-15,16,564.59,35.29,Books,121,88,209,50,14,28,4,3,31,15,47.64,1,575.89,none,0,1,4.73,3,2024-12-08,CO,referral,2026-06-30,app
CUST-00459,2024-09-25,2025-09-30,6,1338.45,223.07,Food,2,0,2,22,7,5,0,0,6,0,8.62,1,1608.32,none,0,0,0.0,0,2024-09-23,AZ,social_media,2026-08-11,email
CUST-00460,2026-08-14,2026-08-26,1,248.5,248.5,Fashion,6,1,7,1,0,1,0,0,18,17,34.41,4,343.8,none,0,0,4.89,0,2026-08-14,NC,referral,2026-07-14,push
CUST-00461,2023-08-03,2025-06-04,0,0.0,0.0,Toys,0,0,0,0,0,0,0,0,1,1,0.6,0,0.0,none,0,0,0.0,0,2023-07-19,MI,organic,2026-06-14,app
CUST-00462,2024-06-26,2026-07-23,18,459.0,25.5,Books,106,41,147,19,8,32,14,14,24,6,49.51,0,612.13,inactive,38,1,0.0,0,2024-06-16,IL,organic,2026-07-15,app
CUST-00463,2023-05-31,2026-07-30,12,2754.88,229.57,Toys,43,26,69,41,19,23,5,4,13,1,5.99,2,4129.51,active,3,0,4.04,0,2023-05-17,CO,social_media,2026-07-13,email
CUST-00464,2025-09-11,2026-08-20,9,496.92,55.21,Beauty,72,56,128,34,7,7,3,3,10,1,31.39,0,623.69,none,0,1,3.63,0,2025-08-20,IL,organic,2026-06-26,app
CUST-00465,2026-01-07,2026-08-17,5,640.84,128.17,Books,36,16,52,17,6,7,1,1,10,5,47.62,0,761.58,none,0,0,0.0,0,2025-12-18,WA,direct,2026-08-13,push
CUST-00466,2026-07-22,2026-08-16,1,141.07,141.07,Sports,4,3,7,3,1,0,0,0,1,0,12.23,1,145.95,active,41,0,3.9,0,2026-06-23,IL,google_ads,2026-08-10,app
CUST-00467,2023-03-15,2026-07-13,15,1645.85,109.72,Toys,27,35,62,24,7,5,10,8,15,0,2.56,3,1762.94,none,0,0,0.0,0,2023-03-07,MI,social_media,2026-08-16,app
CUST-00468,2022-09-04,2026-01-12,6,1148.93,191.49,Books,2,1,3,16,3,0,0,0,6,0,5.73,1,1164.8,none,0,0,4.94,1,2022-08-09,TX,google_ads,2026-08-15,app
CUST-00469,2025-02-07,2026-08-06,32,5847.02,182.72,Home & Garden,80,55,135,115,32,60,9,7,33,1,43.13,0,5859.81,inactive,36,3,0.0,0,2025-01-29,NJ,direct,2026-06-14,sms
CUST-00470,2023-02-20,2025-11-27,9,632.37,70.26,Home & Garden,1,1,2,15,2,3,0,0,9,0,6.76,0,692.68,none,0,0,3.28,1,2023-02-06,MI,email,2026-08-10,email
CUST-00471,2021-06-05,2026-04-12,30,9961.36,332.05,Food,33,44,77,70,29,7,7,6,31,1,44.16,3,12076.02,none,0,0,4.26,5,2021-05-25,NC,referral,2026-06-20,sms
CUST-00472,2024-09-07,2026-08-31,14,4786.27,341.88,Food,28,43,71,38,15,8,2,2,16,2,22.31,1,4976.81,none,0,1,3.71,1,2024-08-22,MA,google_ads,2026-07-22,email
CUST-00473,2022-07-31,2026-01-28,0,0.0,0.0,Beauty,0,0,0,0,0,0,0,0,0,0,19.66,1,0.0,inactive,31,0,5.0,0,2022-07-05,AZ,google_ads,2026-08-04,email
CUST-00474,2022-04-03,2026-02-02,4,754.02,188.5,Beauty,0,1,1,12,2,5,0,0,4,0,7.72,1,957.72,inactive,25,0,3.62,0,2022-03-26,IL,social_media,2026-08-17,app
CUST-00475,2024-10-08,2026-08-19,21,2454.37,116.87,Beauty,92,88,180,39,12,33,4,4,21,0,19.93,0,3680.73,none,0,2,3.57,2,2024-09-19,MI,direct,2026-07-09,sms
CUST-00476,2025-05-19,2026-08-09,9,3155.71,350.63,Electronics,63,14,77,19,3,6,2,2,29,20,20.16,1,3956.06,none,0,0,3.48,1,2025-05-18,CA,referral,2026-07-15,sms
CUST-00477,2025-02-19,2026-08-20,13,6593.25,507.17,Toys,62,43,105,26,8,2,2,1,15,2,30.64,0,6994.67,none,0,1,4.01,3,2025-02-02,OH,organic,2026-08-18,push
CUST-00478,2024-05-03,2026-07-07,14,307.34,21.95,Beauty,44,12,56,50,15,22,7,5,18,4,5.01,1,349.77,none,0,0,0.0,0,2024-04-13,NY,google_ads,2026-08-29,email
CUST-00479,2022-10-02,2026-08-25,44,3520.59,80.01,Food,169,84,253,131,40,3,31,33,47,3,44.99,0,4038.69,none,0,5,4.01,8,2022-09-26,GA,organic,2026-08-16,push
CUST-00480,2023-09-25,2026-08-27,43,16887.79,392.74,Toys,143,8,151,92,50,20,5,5,43,0,39.29,0,17204.34,none,0,0,4.4,3,2023-09-07,NJ,google_ads,2026-07-27,push
CUST-00481,2026-07-26,2026-08-28,1,251.05,251.05,Books,4,4,8,3,1,1,0,0,8,7,31.18,0,301.34,none,0,0,3.64,0,2026-06-29,NC,referral,2026-06-19,sms
CUST-00482,2025-01-31,2025-12-03,7,1221.02,174.43,Electronics,1,0,1,10,3,11,0,0,8,1,45.69,0,1247.63,none,0,0,,0,2025-01-28,MA,organic,2026-08-18,push
CUST-00483,2024-05-18,2026-08-20,11,1174.4,106.76,Fashion,32,3,35,40,7,16,6,6,11,0,37.8,0,1436.82,none,0,0,0.0,0,2024-05-17,FL,organic,2026-08-08,push
CUST-00484,2024-10-11,2026-08-16,13,486.92,37.46,Fashion,116,12,128,26,4,16,5,5,20,7,29.95,1,515.52,none,0,0,0.0,0,2024-10-09,TX,email,2026-07-08,email
CUST-00485,2021-03-12,2025-12-12,6,534.28,89.05,Home & Garden,0,1,1,9,4,6,0,0,6,0,20.37,1,775.81,none,0,0,5.0,1,2021-03-03,FL,organic,2026-07-25,app
CUST-00486,2025-04-24,2026-08-20,18,4305.9,239.22,Books,73,61,134,49,27,31,3,2,39,21,25.86,0,6063.94,none,0,1,4.02,3,2025-04-12,WA,referral,2026-08-14,email
CUST-00487,2021-07-06,2026-04-17,37,10646.09,287.73,Home & Garden,81,37,118,69,26,52,9,9,42,5,43.51,0,12934.24,none,0,4,0.0,0,2021-06-16,,social_media,2026-08-18,push
CUST-00488,2024-12-17,2026-08-14,7,691.48,98.78,Beauty,96,36,132,18,3,10,2,2,12,5,37.82,0,884.57,none,0,0,4.43,0,2024-11-24,WA,referral,2026-07-11,app
CUST-00489,2025-01-20,2025-07-11,9,570.21,63.36,Toys,4,0,4,30,9,17,0,0,10,1,31.7,1,644.65,active,37,0,4.72,1,2025-01-14,NY,referral,2026-06-30,push
CUST-00490,2021-09-16,2025-05-09,6,667.25,111.21,Home & Garden,2,1,3,13,4,9,0,0,6,0,35.37,0,862.3,none,0,0,4.76,1,2021-08-22,CA,email,2026-08-16,sms
CUST-00491,2026-08-11,2026-08-30,3,251.54,83.85,Electronics,6,9,15,3,1,0,1,1,26,23,22.1,1,326.96,none,0,0,0.0,0,2026-07-26,IL,referral,2026-08-23,email
CUST-00492,2022-06-17,2026-08-21,70,15937.73,227.68,Home & Garden,511,221,732,90,27,100,13,14,72,2,5.09,0,22763.64,none,0,9,4.59,2,2022-05-25,IL,referral,2026-07-04,push
CUST-00493,2022-06-06,2025-07-27,3,1055.96,351.99,Books,1,0,1,5,2,3,0,0,3,0,34.3,0,1256.22,none,0,0,3.7,0,2022-05-08,OH,organic,2026-07-11,app
CUST-00494,2024-07-24,2026-08-14,15,3739.62,249.31,Electronics,34,3,37,46,23,25,3,3,20,5,45.69,3,5323.65,none,0,0,3.96,2,2024-07-09,IL,google_ads,2026-06-05,email
CUST-00495,2025-06-27,2026-08-13,12,2647.08,220.59,Toys,49,21,70,13,5,19,2,1,12,0,28.64,0,3215.01,none,0,1,4.74,2,2025-06-17,PA,google_ads,2026-08-25,sms
CUST-00496,2021-04-18,2026-08-27,57,17905.53,314.13,Beauty,466,180,646,200,62,99,8,9,89,32,16.46,2,25493.99,inactive,37,0,4.26,2,2021-04-18,GA,google_ads,2026-08-18,app
CUST-00497,2023-03-11,2026-02-20,4,968.0,242.0,Sports,0,0,0,12,2,7,0,0,4,0,2.44,0,1348.55,none,0,0,0.0,0,2023-02-12,OH,social_media,2026-07-31,push
CUST-00498,2023-01-04,2026-08-29,72,17121.12,237.79,Home & Garden,277,46,323,200,72,100,12,12,77,5,20.22,0,17269.44,none,0,2,0.0,0,2022-12-11,NY,organic,2026-06-20,sms
CUST-00499,2026-08-21,2026-08-31,3,0.0,0.0,Home & Garden,12,5,17,4,2,2,1,0,8,5,1.2,1,0.0,none,0,0,0.0,0,2026-08-16,MA,referral,2026-08-30,push
CUST-00500,2023-10-23,2026-08-23,26,13847.63,532.6,Fashion,102,21,123,92,37,9,3,3,39,13,32.97,0,15661.5,none,0,3,4.47,2,2023-10-18,CA,referral,2026-06-08,sms
CUST-00501,2023-05-31,2025-05-09,6,1113.26,185.54,Electronics,1,1,2,20,9,4,0,0,7,1,16.38,2,1263.19,none,0,0,3.86,1,2023-05-22,MI,google_ads,2026-06-25,app
CUST-00502,2022-01-26,2025-05-09,3,1040.17,346.72,Fashion,1,0,1,8,2,4,0,0,3,0,47.88,1,1423.33,none,0,0,3.8,0,2022-01-26,PA,google_ads,2026-07-16,sms
CUST-00503,2025-12-15,2026-08-24,5,657.55,131.51,Beauty,37,0,37,11,2,1,1,0,19,14,41.88,0,797.16,none,0,0,5.0,0,2025-12-03,PA,social_media,2026-06-08,email
CUST-00504,2026-01-16,2026-08-27,10,424.08,42.41,Sports,91,39,130,27,5,18,3,2,18,8,40.28,0,486.17,none,0,0,4.42,0,2025-12-25,NC,google_ads,2026-06-06,push
CUST-00505,2024-09-17,2026-08-09,7,617.56,88.22,Beauty,93,30,123,9,0,9,2,1,9,2,23.34,0,721.34,none,0,0,3.39,0,2024-08-30,NC,referral,2026-06-04,email
CUST-00506,2024-05-06,2026-08-21,75,2765.79,36.88,Toys,256,139,395,194,93,5,50,41,80,5,6.67,2,3472.06,active,37,0,3.5,8,2024-04-09,CA,direct,2026-08-02,sms
CUST-00507,2026-08-03,2026-08-20,2,294.12,147.06,Food,7,6,13,2,0,1,0,0,9,7,5.96,2,305.54,none,0,0,4.25,0,2026-07-18,GA,organic,2026-07-30,push
CUST-00508,2024-02-26,2026-08-28,56,3490.6,62.33,Beauty,149,49,198,184,88,32,24,19,58,2,20.52,4,4310.55,inactive,53,4,4.06,15,2024-02-07,NJ,social_media,2026-07-15,sms
CUST-00509,2025-03-10,2026-08-28,64,3032.26,47.38,Food,248,117,365,194,53,40,43,38,66,2,9.41,0,4503.0,none,0,9,0.0,0,2025-03-06,GA,referral,2026-06-21,app
CUST-00510,2022-05-10,2025-09-12,0,0.0,0.0,Books,0,0,0,0,0,0,0,0,1,1,17.5,1,0.0,none,0,0,3.46,0,2022-04-23,NC,google_ads,2026-07-22,push
CUST-00511,2022-12-06,2026-08-25,85,1792.51,21.09,Books,218,123,341,200,67,100,48,43,86,1,3.89,0,1925.26,none,0,5,4.25,4,2022-11-17,NY,direct,2026-07-01,email
CUST-00512,2026-08-26,2026-08-26,2,264.77,132.39,Home & Garden,12,4,16,7,1,2,0,0,17,15,41.37,0,344.22,active,32,0,3.96,0,2026-07-30,TX,google_ads,2026-06-28,app
CUST-00513,2024-03-13,2026-07-11,16,970.27,60.64,Home & Garden,94,37,131,58,12,31,8,6,16,0,28.66,1,1148.15,none,0,1,0.0,0,2024-03-07,PA,organic,2026-06-29,sms
CUST-00514,2023-03-15,2026-05-11,24,11240.25,468.34,Fashion,21,2,23,54,5,15,4,3,33,9,15.2,0,11967.38,none,0,0,4.35,5,2023-02-20,FL,google_ads,2026-07-07,app
CUST-00515,2024-04-03,2025-11-29,1,477.4,477.4,Sports,0,0,0,3,1,1,0,0,1,0,29.74,0,555.38,none,0,0,0.0,0,2024-03-20,NJ,google_ads,2026-07-02,email
CUST-00516,2026-08-13,2026-08-24,1,125.23,125.23,Food,6,1,7,2,0,0,0,0,6,5,42.0,0,145.48,none,0,0,0.0,0,2026-07-30,FL,google_ads,2026-07-07,email
CUST-00517,2026-07-15,2026-08-21,1,533.42,533.42,Fashion,3,1,4,3,1,1,0,0,3,2,4.0,0,633.19,inactive,18,0,4.35,0,2026-07-05,IL,,2026-06-13,email
CUST-00518,2023-07-27,2026-08-28,56,17981.78,321.1,Sports,377,4,381,56,22,21,6,6,56,0,15.67,0,23198.09,none,0,6,0.0,0,2023-07-15,OH,social_media,2026-06-09,email
CUST-00519,2026-08-02,2026-08-27,1,435.31,435.31,Home & Garden,5,3,8,2,1,0,0,0,9,8,30.66,0,583.96,none,0,0,3.77,0,2026-07-21,AZ,direct,2026-08-29,
CUST-00520,2024-02-23,2026-08-18,95,3435.1,36.16,Toys,462,231,693,126,20,100,50,40,98,3,19.39,0,4812.43,none,0,10,4.03,6,2024-02-10,CO,social_media,2026-06-24,app
CUST-00521,2026-07-28,2026-08-14,1,62.21,62.21,Beauty,4,1,5,2,0,1,0,0,7,6,19.25,0,74.21,none,0,0,3.88,0,2026-07-03,NC,referral,2026-08-24,sms
CUST-00522,2025-03-30,2026-08-25,88,4039.69,45.91,Books,309,194,503,200,100,35,46,41,90,2,45.73,0,5530.72,none,0,0,0.0,0,2025-03-07,IL,direct,2026-07-20,sms
CUST-00523,2022-01-13,2026-01-23,5,655.68,131.14,Food,1,0,1,5,1,6,0,0,5,0,29.15,0,671.31,active,56,0,4.96,1,2022-01-12,FL,google_ads,2026-08-22,push
CUST-00524,2023-12-16,2025-10-07,4,1209.82,302.46,Toys,0,1,1,5,1,1,0,0,4,0,43.17,1,1646.09,active,53,0,0.0,0,2023-11-27,NJ,email,2026-07-28,sms
CUST-00525,2022-06-21,2026-05-08,42,11309.58,269.28,Books,38,45,83,70,41,47,10,8,42,0,6.99,0,12916.31,none,0,0,4.6,6,2022-06-08,CO,direct,2026-07-04,push
CUST-00526,2024-11-09,2026-08-10,26,5927.83,227.99,Home & Garden,160,6,166,66,9,43,6,5,26,0,1.58,0,8104.46,active,14,1,0.0,0,2024-10-24,OH,google_ads,2026-08-08,email
CUST-00527,2023-12-03,2026-08-02,24,748.64,31.19,Sports,38,0,38,26,9,36,14,14,28,4,4.74,0,755.91,active,48,2,4.09,5,2023-12-01,FL,direct,2026-08-15,sms
CUST-00528,2026-07-23,2026-08-13,1,334.86,334.86,Sports,4,2,6,3,1,1,0,0,4,3,35.89,0,364.75,none,0,0,4.13,0,2026-07-19,FL,referral,2026-07-16,email
CUST-00529,2022-03-11,2026-05-01,55,9937.73,180.69,Sports,134,13,147,154,53,21,14,12,56,1,18.74,0,12077.85,none,0,6,,2,2022-03-06,PA,social_media,2026-06-05,sms
CUST-00530,2021-08-04,2026-05-04,46,12833.41,278.99,Books,28,0,28,59,29,88,9,9,46,0,27.55,0,16755.39,none,0,1,4.16,1,2021-08-01,MA,social_media,2026-08-09,sms
CUST-00531,2026-07-31,2026-08-29,1,530.99,530.99,Home & Garden,3,0,3,1,0,1,0,0,5,4,13.92,2,765.7,active,31,0,2.96,0,2026-07-18,NJ,direct,2026-08-29,push
CUST-00532,2026-08-11,2026-08-14,1,246.81,246.81,Food,7,4,11,3,0,1,0,0,6,5,41.43,0,254.44,none,0,0,5.0,0,2026-07-21,TX,google_ads,2026-08-15,app
CUST-00533,2025-03-23,2025-08-17,8,895.57,111.95,Sports,1,0,1,9,4,2,0,0,8,0,35.76,0,1086.02,none,0,1,5.0,0,2025-03-22,NJ,direct,2026-08-11,push
CUST-00534,2025-10-12,2026-08-08,17,5740.78,337.69,Sports,108,60,168,62,23,32,5,4,31,14,24.99,0,7500.54,active,30,2,0.0,0,2025-10-03,TX,direct,2026-06-15,push
CUST-00535,2026-07-12,2026-08-15,1,296.4,296.4,Sports,6,3,9,2,0,0,0,0,1,0,26.51,2,400.95,none,0,0,0.0,0,2026-06-18,TX,referral,2026-07-12,email
CUST-00536,2024-09-02,2026-08-20,77,2330.38,30.26,Sports,213,27,240,104,48,87,47,46,95,18,2.49,0,3084.85,active,35,6,4.4,16,2024-08-22,NC,referral,2026-06-28,push
CUST-00537,2024-04-03,2026-07-29,10,1925.44,192.54,Fashion,55,34,89,10,3,0,8,8,10,0,5.51,0,2830.62,none,0,1,3.77,0,2024-03-20,NY,referral,2026-06-13,app
CUST-00538,2025-09-24,2026-08-25,8,421.92,52.74,Fashion,63,2,65,15,7,15,2,1,20,12,40.58,1,540.05,none,0,0,4.51,0,2025-09-21,IL,organic,2026-07-08,app
CUST-00539,2025-09-21,2026-08-27,8,585.33,73.17,Food,65,46,111,30,15,6,2,1,20,12,49.07,0,856.82,none,0,1,5.0,0,2025-09-18,WA,referral,2026-07-03,email
CUST-00540,2023-02-06,2026-07-30,11,2732.32,248.39,Beauty,32,23,55,31,11,20,8,7,22,11,9.05,0,4030.93,none,0,1,3.74,1,2023-01-29,MA,social_media,2026-08-17,sms
CUST-00541,2025-03-17,2026-08-08,7,248.13,35.45,Food,93,51,144,9,4,3,2,1,13,6,21.43,1,343.19,none,0,0,3.96,0,2025-03-05,MA,email,2026-07-12,email
CUST-00542,2024-07-14,2026-08-22,10,2044.73,204.47,Fashion,46,20,66,15,6,13,8,6,17,7,45.57,0,2414.62,active,52,0,3.98,1,2024-06-29,IL,organic,2026-07-29,sms
CUST-00543,2026-07-16,2026-08-19,3,467.2,155.73,Toys,21,3,24,6,0,0,1,1,10,7,35.79,1,528.6,active,1,0,,0,2026-07-09,PA,referral,2026-08-26,push
CUST-00544,2025-10-30,2026-08-13,15,8523.66,568.24,Beauty,71,54,125,39,21,1,3,3,23,8,41.67,1,11891.71,inactive,23,1,4.77,4,2025-10-05,CO,direct,2026-06-15,email
CUST-00545,2025-03-30,2026-08-10,20,2946.16,147.31,Books,80,35,115,79,24,12,4,3,32,12,4.05,0,4369.62,active,44,1,4.02,3,2025-03-09,PA,direct,2026-08-13,push
CUST-00546,2025-08-09,2026-08-23,15,5639.95,376.0,Food,79,5,84,36,7,5,4,4,23,8,11.95,0,8095.67,active,23,0,4.72,1,2025-08-01,FL,direct,2026-08-14,email
CUST-00547,2024-10-05,2026-08-11,11,539.46,49.04,Books,83,72,155,41,14,0,2,1,17,6,21.81,1,572.13,inactive,30,0,4.83,2,2024-09-07,OH,direct,2026-08-17,sms
CUST-00548,2021-06-05,2026-08-29,47,16762.18,356.64,Beauty,163,81,244,82,36,17,7,8,52,5,32.09,3,17915.75,none,0,5,3.75,8,2021-05-29,MA,direct,2026-08-19,push
CUST-00549,2024-04-25,2026-08-14,6,78.74,13.12,Electronics,86,47,133,13,3,2,1,0,17,11,0.07,0,87.4,none,0,0,4.22,0,2024-04-13,MA,direct,2026-06-07,sms
CUST-00550,2024-06-06,2025-08-05,2,742.19,371.09,Home & Garden,0,0,0,2,0,0,0,0,2,0,36.6,1,846.27,none,0,0,3.42,0,2024-05-09,WA,organic,2026-07-25,push
CUST-00551,2024-03-15,2026-08-22,15,424.08,28.27,Beauty,82,50,132,50,28,9,8,7,15,0,40.49,4,598.81,none,0,0,0.0,0,2024-03-03,CO,google_ads,2026-06-11,email
CUST-00552,2023-03-09,2026-08-25,87,2350.9,27.02,Electronics,390,77,467,154,44,61,47,43,91,4,8.21,1,3305.84,none,0,11,0.0,0,2023-02-20,GA,google_ads,2026-08-14,push
CUST-00553,2021-05-06,2025-05-05,6,610.7,101.78,Electronics,0,1,1,13,4,3,0,0,6,0,8.69,0,711.58,inactive,53,0,0.0,0,2021-05-05,TX,organic,2026-06-19,sms
CUST-00554,2025-04-28,2026-08-27,13,198.57,15.27,Fashion,127,81,208,42,23,9,5,5,36,23,34.99,0,205.67,none,0,0,3.03,1,2025-04-03,WA,referral,2026-06-24,push
CUST-00555,2022-11-04,2025-07-31,4,566.84,141.71,Beauty,1,0,1,6,3,2,0,0,4,0,24.58,0,784.82,none,0,0,0.0,0,2022-10-21,GA,email,2026-06-23,sms
CUST-00556,2026-07-27,2026-08-25,3,236.83,78.94,Toys,9,6,15,8,1,4,1,1,5,2,29.74,0,244.49,none,0,0,4.47,0,2026-06-30,FL,organic,2026-08-20,sms
CUST-00557,2024-09-24,2026-08-21,11,276.96,25.18,Food,95,2,97,14,6,9,4,4,11,0,30.84,0,385.1,none,0,0,3.98,2,2024-09-15,NC,email,2026-07-13,push
CUST-00558,2022-10-22,2025-10-29,0,0.0,0.0,Fashion,0,0,0,0,0,0,0,0,0,0,16.63,0,0.0,none,0,0,4.09,0,2022-10-20,GA,social_media,2026-08-05,email
CUST-00559,2023-10-05,2026-08-13,11,744.89,67.72,Fashion,62,26,88,34,5,19,5,4,39,28,21.12,0,1105.91,none,0,0,3.26,0,2023-09-30,TX,social_media,2026-08-26,email
CUST-00560,2026-07-11,2026-08-31,1,350.9,350.9,Food,6,1,7,1,0,1,0,0,2,1,29.91,0,356.79,none,0,0,4.56,0,2026-06-23,OH,organic,2026-06-18,sms
CUST-00561,2023-12-04,2026-07-27,22,1413.3,64.24,Home & Garden,82,42,124,73,18,21,19,20,23,1,6.66,0,1955.1,inactive,2,3,0.0,0,2023-11-16,OH,direct,2026-06-18,app
CUST-00562,2022-03-30,2025-06-28,7,1441.85,205.98,Toys,3,0,3,11,3,6,0,0,7,0,34.19,0,1746.81,none,0,0,4.18,1,2022-03-21,CA,email,2026-06-09,app
CUST-00563,2022-10-11,2026-08-16,9,2218.93,246.55,Sports,28,16,44,10,5,17,4,3,9,0,33.05,1,3159.67,none,0,0,4.85,1,2022-10-05,NJ,direct,2026-08-03,app
CUST-00564,2022-09-17,2026-06-02,28,9111.5,325.41,Beauty,49,21,70,85,27,13,4,4,30,2,48.6,0,10907.07,inactive,5,3,0.0,0,2022-09-06,MI,google_ads,2026-06-25,sms
CUST-00565,2023-11-17,2026-01-12,0,0.0,0.0,Sports,0,0,0,0,0,0,0,0,0,0,44.26,0,0.0,active,32,0,0.0,0,2023-11-04,NJ,google_ads,2026-06-05,push
CUST-00566,2022-01-07,2026-05-04,44,7837.98,178.14,Toys,93,22,115,95,45,6,12,11,46,2,37.87,0,11327.11,none,0,3,3.53,3,2022-01-02,WA,social_media,2026-06-29,app
CUST-00567,2023-02-10,2026-07-06,9,1941.95,215.77,Toys,20,30,50,34,20,14,4,3,11,2,15.91,3,2708.12,none,0,0,3.69,2,2023-01-29,TX,social_media,2026-08-02,sms
CUST-00568,2024-07-31,2025-09-21,10,1010.54,101.05,Beauty,2,2,4,13,3,11,0,0,10,0,7.29,3,1049.14,active,30,1,3.33,2,2024-07-12,IL,referral,2026-07-23,push
CUST-00569,2025-05-31,2026-08-16,6,693.58,115.6,Food,81,50,131,13,4,9,2,2,6,0,17.76,0,784.55,inactive,42,0,4.25,1,2025-05-31,AZ,organic,2026-08-22,app
CUST-00570,2024-07-25,2026-08-14,85,2242.42,26.38,Home & Garden,282,231,513,200,100,1,50,49,93,8,6.36,0,2546.78,inactive,8,10,0.0,0,2024-06-28,CO,organic,2026-08-16,app
CUST-00571,2023-05-30,2026-07-09,14,2118.5,151.32,Toys,24,8,32,24,14,11,10,8,18,4,3.71,0,2615.0,none,0,0,4.44,3,2023-05-13,NC,social_media,2026-06-10,app
CUST-00572,2023-03-07,2026-08-13,82,2963.04,36.13,Sports,124,171,295,194,70,24,37,38,103,21,4.81,0,4251.16,active,52,6,4.31,7,2023-03-01,GA,google_ads,2026-06-30,app
CUST-00573,2023-12-01,2026-08-11,15,332.27,22.15,Fashion,41,30,71,38,16,15,8,7,29,14,13.2,0,400.87,active,30,1,3.74,2,2023-11-05,FL,direct,2026-08-23,sms
CUST-00574,2022-08-18,2025-08-10,6,601.05,100.18,Beauty,0,0,0,10,2,1,0,0,6,0,35.1,0,758.01,none,0,0,0.0,0,2022-08-18,WA,direct,2026-06-28,email
CUST-00575,2026-08-23,2026-08-26,2,289.78,144.89,Beauty,7,3,10,7,1,0,0,0,9,7,20.79,3,396.27,active,44,0,4.8,0,2026-08-20,NC,google_ads,2026-06-27,push
CUST-00576,2025-11-24,2026-08-15,4,664.75,166.19,Home & Garden,23,34,57,8,3,5,0,0,10,6,9.49,1,898.38,active,7,0,0.0,0,2025-10-29,IL,organic,2026-07-22,email
CUST-00577,2025-05-14,2026-08-20,0,0.0,0.0,Home & Garden,0,0,0,0,0,0,0,0,11,11,38.27,2,0.0,active,36,0,0.0,0,2025-04-25,GA,email,2026-06-19,app
CUST-00578,2022-02-16,2025-12-13,10,996.42,99.64,Home & Garden,2,0,2,13,1,11,0,0,10,0,21.22,2,1244.5,none,0,1,0.0,0,2022-02-10,WA,google_ads,2026-07-04,push
CUST-00579,2023-03-17,2026-07-16,15,2173.9,144.93,Books,37,11,48,57,6,28,7,7,16,1,17.54,0,2810.32,none,0,1,0.0,0,2023-03-09,CA,google_ads,2026-06-26,push
CUST-00580,2023-05-20,2026-04-05,32,6474.13,202.32,Sports,42,25,67,44,4,9,7,5,32,0,16.89,0,7094.67,none,0,0,5.0,5,2023-05-16,CO,email,2026-08-10,sms
CUST-00581,2026-07-09,2026-08-13,1,328.12,328.12,Books,4,4,8,1,0,0,0,0,3,2,43.22,0,328.16,none,0,0,4.08,0,2026-06-20,CO,organic,2026-08-14,app
CUST-00582,2025-08-21,2026-08-28,26,3590.38,138.09,Food,42,63,105,100,29,21,7,7,35,9,28.14,3,4827.02,none,0,2,3.59,6,2025-08-09,IL,google_ads,2026-08-26,push
CUST-00583,2026-07-16,2026-08-28,1,212.77,212.77,Sports,4,1,5,1,0,0,0,0,9,8,18.56,1,250.68,none,0,0,3.64,0,2026-06-23,FL,direct,2026-07-26,email
CUST-00584,2022-04-06,2026-03-06,30,8331.12,277.7,Food,33,14,47,35,15,34,6,6,31,1,23.46,0,10981.86,none,0,1,0.0,0,2022-03-25,NY,organic,2026-07-07,push
CUST-00585,2025-12-03,2026-08-09,12,366.64,30.55,Beauty,123,92,215,12,1,2,4,3,22,10,23.64,0,526.21,active,21,1,0.0,0,2025-11-19,NY,organic,2026-07-08,app
CUST-00586,2023-01-20,2026-08-16,15,1083.69,72.25,Sports,89,32,121,59,16,13,11,12,16,1,46.49,2,1093.55,active,30,1,4.35,2,2022-12-27,GA,organic,2026-07-18,app
CUST-00587,2022-02-11,2025-11-12,2,998.89,499.45,Home & Garden,0,0,0,6,0,3,0,0,3,1,26.22,0,1281.15,none,0,0,4.5,0,2022-02-08,CO,social_media,2026-07-08,push
CUST-00588,2022-10-08,2026-05-13,37,10018.85,270.78,Food,42,31,73,102,26,25,9,9,37,0,41.88,2,12353.95,inactive,56,4,0.0,0,2022-10-03,FL,google_ads,2026-06-21,email
CUST-00589,2024-08-20,2025-06-27,8,768.25,96.03,Home & Garden,1,0,1,18,9,7,0,0,8,0,47.44,0,1113.3,none,0,0,3.92,0,2024-08-11,NJ,social_media,2026-08-18,app
CUST-00590,2023-03-19,2026-08-08,9,3284.72,364.97,Toys,53,22,75,31,3,4,5,4,9,0,11.25,0,4427.39,none,0,0,4.48,0,2023-03-03,TX,email,2026-08-14,email
CUST-00591,2023-12-04,2026-08-31,90,3926.31,43.63,Books,384,152,536,200,92,3,50,50,96,6,1.84,0,5515.64,none,0,4,3.93,16,2023-11-23,OH,organic,2026-06-08,email
CUST-00592,2022-10-04,2026-07-16,19,2068.74,108.88,Home & Garden,64,22,86,29,4,35,16,13,19,0,21.18,0,2445.13,active,27,0,4.5,0,2022-09-27,IL,google_ads,2026-06-28,app
CUST-00593,2025-10-09,2026-08-24,11,731.99,66.54,Toys,42,45,87,43,20,21,3,3,29,18,38.03,0,1070.26,none,0,1,4.28,0,2025-09-30,NC,social_media,2026-07-21,email
CUST-00594,2026-07-08,2026-08-16,2,86.25,43.13,Books,3,6,9,2,0,2,0,0,9,7,15.18,2,111.85,inactive,16,0,0.0,0,2026-07-02,CO,referral,2026-07-24,email
CUST-00595,2026-07-08,2026-08-16,1,382.12,382.12,Books,1,3,4,2,0,0,0,0,8,7,9.16,0,447.98,none,0,0,3.4,0,2026-06-30,OH,social_media,2026-07-24,sms
CUST-00596,2023-10-25,2026-08-21,106,2290.07,21.6,Food,272,255,527,200,44,100,50,45,127,21,41.24,5,2482.65,active,30,10,0.0,0,2023-10-08,AZ,email,2026-07-16,app
CUST-00597,2022-11-09,2026-08-01,16,1580.13,98.76,Food,78,14,92,17,10,10,9,10,21,5,10.74,2,2364.95,active,51,0,3.7,0,2022-11-02,NY,email,2026-07-11,push
CUST-00598,2023-10-19,2026-08-24,66,2547.77,38.6,Electronics,295,147,442,109,14,94,36,39,68,2,17.3,0,3501.35,none,0,0,4.39,0,2023-09-29,CO,social_media,2026-08-24,email
CUST-00599,2026-08-26,2026-08-28,1,248.7,248.7,Food,2,0,2,3,1,0,0,0,4,3,23.46,0,312.73,none,0,0,3.92,0,2026-08-09,CA,social_media,2026-08-18,email
CUST-00600,2026-07-29,2026-08-23,3,399.02,133.01,Books,10,8,18,4,0,2,1,1,9,6,28.33,1,460.42,active,45,0,0.0,0,2026-07-17,PA,direct,2026-07-13,app
CUST-00601,2025-03-17,2026-08-17,10,3546.96,354.7,Home & Garden,64,20,84,14,8,17,2,1,11,1,47.07,0,5058.6,none,0,0,2.83,1,2025-02-20,TX,google_ads,2026-08-19,email
CUST-00602,2024-12-24,2026-08-01,16,1340.91,83.81,Food,46,56,102,24,9,2,12,14,26,10,27.79,0,1900.77,none,0,2,3.99,1,2024-12-21,OH,direct,2026-07-04,sms
CUST-00603,2021-04-10,2026-05-23,37,8391.46,226.8,Electronics,34,19,53,39,22,4,10,9,39,2,33.97,0,10253.36,none,0,0,5.0,0,2021-03-14,PA,referral,2026-07-14,push
CUST-00604,2024-12-13,2026-08-10,19,3283.28,172.8,Food,101,21,122,32,15,0,10,9,31,12,47.52,1,4091.84,none,0,1,0.0,0,2024-12-07,NC,direct,2026-08-16,app
CUST-00605,2026-08-12,2026-08-21,3,286.46,95.49,Sports,13,6,19,6,1,5,0,0,6,3,8.51,0,417.99,none,0,0,4.52,0,2026-07-24,MI,google_ads,2026-06-13,app
CUST-00606,2024-01-14,2026-08-18,5,514.31,102.86,Food,33,25,58,18,4,0,1,1,52,47,7.89,0,731.38,none,0,0,0.0,0,2024-01-14,TX,direct,2026-06-22,app
CUST-00607,2025-08-25,2026-08-26,28,7780.84,277.89,Food,195,63,258,73,24,15,4,3,28,0,27.52,0,9856.78,active,56,3,0.0,0,2025-07-27,MA,google_ads,2026-08-27,sms
CUST-00608,2022-10-03,2026-08-20,23,2530.62,110.03,Food,88,8,96,89,34,6,13,14,27,4,9.41,0,3075.68,none,0,2,5.0,1,2022-09-04,IL,direct,2026-08-24,push
CUST-00609,2024-12-04,2026-08-15,86,3904.54,45.4,Beauty,270,113,383,200,71,100,50,40,90,4,44.21,0,4695.56,none,0,4,4.15,13,2024-11-27,NC,referral,2026-06-04,sms
CUST-00610,2021-04-03,2026-08-29,66,18440.89,279.41,Food,462,152,614,92,26,100,12,12,73,7,15.45,0,25028.42,none,0,1,4.16,4,2021-03-16,OH,google_ads,2026-06-20,push
CUST-00611,2023-01-14,2026-07-06,17,1041.88,61.29,Books,26,34,60,31,15,22,15,13,20,3,25.06,0,1349.29,none,0,1,4.21,1,2022-12-18,IL,direct,2026-07-03,email
CUST-00612,2025-03-05,2026-08-19,8,504.62,63.08,Fashion,113,32,145,24,5,6,2,2,48,40,36.86,0,728.33,none,0,0,0.0,0,2025-03-01,CA,direct,2026-08-27,email
CUST-00613,2025-04-17,2026-08-12,5,505.13,101.03,Fashion,57,31,88,10,5,5,1,0,13,8,43.12,0,603.78,none,0,0,0.0,0,2025-04-07,CA,direct,2026-06-13,push
CUST-00614,2021-09-22,2025-06-30,5,809.27,161.85,Food,1,1,2,14,1,9,0,0,5,0,10.01,0,998.09,none,0,0,3.95,0,2021-08-26,NC,direct,2026-07-11,email
CUST-00615,2021-05-25,2026-08-20,64,14866.69,232.29,Food,330,225,555,200,59,8,8,7,74,10,1.46,0,18919.16,inactive,33,1,4.46,6,2021-05-16,CA,email,2026-06-09,email
CUST-00616,2025-07-13,2026-08-13,9,519.01,57.67,Sports,126,43,169,22,5,16,2,1,17,8,6.35,0,664.66,none,0,0,5.0,2,2025-06-20,NY,referral,2026-08-11,app
CUST-00617,2023-04-12,2026-05-19,36,9496.84,263.8,Home & Garden,81,49,130,91,37,30,7,5,37,1,33.67,0,13639.41,none,0,0,3.51,5,2023-03-22,AZ,organic,2026-08-17,
CUST-00618,2024-02-18,2025-11-04,7,53.5,7.64,Electronics,1,1,2,22,10,4,0,0,7,0,18.05,0,62.39,none,0,0,3.74,1,2024-01-29,WA,email,2026-06-17,app
CUST-00619,2026-07-13,2026-08-31,1,367.72,367.72,Home & Garden,7,2,9,1,0,0,0,0,2,1,46.04,0,504.28,none,0,0,4.11,0,2026-07-08,CA,social_media,2026-08-08,email
CUST-00620,2024-03-03,2026-07-23,14,1106.04,79.0,Toys,78,5,83,36,9,7,10,8,28,14,20.3,1,1508.5,none,0,1,0.0,0,2024-03-03,,organic,2026-07-14,email
CUST-00621,2025-05-17,2026-08-18,13,421.59,32.43,Electronics,68,80,148,15,5,17,4,3,27,14,26.98,0,578.17,active,2,0,4.22,0,2025-04-19,PA,social_media,2026-07-05,push
CUST-00622,2025-05-30,2026-08-19,17,4646.52,273.32,Books,88,10,98,65,36,7,4,3,37,20,26.15,0,5442.24,active,24,1,3.65,1,2025-05-30,FL,direct,2026-08-14,push
CUST-00623,2026-07-24,2026-08-26,1,123.71,123.71,Books,5,2,7,1,0,1,0,0,1,0,49.67,0,133.8,none,0,0,3.8,0,2026-07-03,CA,direct,2026-06-06,
CUST-00624,2022-09-21,2025-12-10,6,900.34,150.06,Fashion,2,1,3,22,2,7,0,0,6,0,30.48,0,1023.39,none,0,0,3.45,1,2022-08-24,GA,social_media,2026-08-18,sms
CUST-00625,2026-08-17,2026-08-18,1,148.74,148.74,Food,6,0,6,1,0,0,0,0,1,0,2.98,0,154.51,none,0,0,5.0,0,2026-08-07,CO,organic,2026-07-22,email
CUST-00626,2026-07-28,2026-08-24,1,119.88,119.88,Toys,4,2,6,1,0,0,0,0,12,11,8.46,0,164.79,none,0,0,3.48,0,2026-06-29,GA,organic,2026-07-27,email
CUST-00627,2022-08-17,2026-08-21,10,572.15,57.22,Fashion,32,18,50,16,6,19,4,3,11,1,12.43,0,806.19,none,0,0,4.3,1,2022-08-02,OH,social_media,2026-06-25,push
CUST-00628,2024-12-22,2026-08-02,16,1136.56,71.03,Food,29,5,34,59,21,27,7,7,20,4,43.04,0,1273.2,none,0,2,3.96,3,2024-12-04,NY,social_media,2026-06-10,app
CUST-00629,2026-07-26,2026-08-17,1,507.71,507.71,Fashion,2,0,2,3,0,1,0,0,6,5,9.83,1,670.48,none,0,0,0.0,0,2026-07-12,NY,referral,2026-08-23,push
CUST-00630,2023-01-05,2026-04-02,35,11984.87,342.42,Fashion,38,9,47,99,21,5,5,5,36,1,37.62,0,14897.22,none,0,3,4.47,10,2022-12-12,NJ,email,2026-07-05,push
CUST-00631,2024-11-25,2026-08-27,6,516.54,86.09,Sports,82,38,120,23,6,9,2,2,11,5,39.28,2,572.99,none,0,0,3.27,0,2024-11-05,FL,email,2026-08-12,app
CUST-00632,2022-09-16,2026-08-31,77,3277.38,42.56,Beauty,310,135,445,200,94,7,50,44,81,4,32.21,0,4877.12,none,0,0,4.0,13,2022-09-03,CO,google_ads,2026-06-20,sms
CUST-00633,2021-07-17,2025-09-04,4,678.79,169.7,Fashion,0,0,0,5,0,7,0,0,5,1,31.41,0,705.52,none,0,0,4.22,0,2021-07-10,NC,direct,2026-08-09,push
CUST-00634,2023-08-13,2026-08-29,88,2908.82,33.05,Beauty,366,73,439,200,84,69,50,50,89,1,34.67,1,4250.43,none,0,7,4.19,21,2023-07-27,GA,email,2026-06-17,email
CUST-00635,2025-04-18,2026-08-14,15,6278.43,418.56,Home & Garden,48,15,63,32,15,14,2,1,20,5,39.72,1,7007.2,none,0,1,0.0,0,2025-04-04,PA,organic,2026-07-25,sms
CUST-00636,2024-05-16,2026-08-29,102,2115.69,20.74,Toys,119,122,241,141,38,100,50,48,102,0,30.96,0,2196.71,none,0,13,3.24,16,2024-04-24,NC,direct,2026-07-12,app
CUST-00637,2026-07-14,2026-08-16,1,558.35,558.35,Food,3,4,7,3,0,0,0,0,7,6,8.32,2,622.92,active,14,0,4.63,0,2026-07-06,NC,email,2026-07-19,app
CUST-00638,2023-02-26,2026-08-27,106,1734.14,16.36,Fashion,344,24,368,200,72,39,50,46,108,2,33.62,0,1811.55,none,0,1,0.0,0,2023-02-07,NJ,organic,2026-08-24,app
CUST-00639,2022-09-06,2026-08-19,69,11737.57,170.11,Electronics,335,311,646,197,64,26,8,8,74,5,44.47,0,12166.41,none,0,9,,11,2022-08-29,PA,organic,2026-08-21,push
CUST-00640,2024-11-05,2026-08-24,93,2782.1,29.92,Electronics,232,129,361,200,20,100,50,50,96,3,6.52,1,3769.5,none,0,7,0.0,0,2024-10-27,FL,email,2026-07-15,push
CUST-00641,2023-09-22,2026-08-16,23,1771.84,77.04,Books,137,23,160,71,28,22,17,16,40,17,35.27,1,1986.61,active,24,2,4.52,2,2023-09-17,WA,email,2026-07-03,email
CUST-00642,2024-07-31,2026-08-18,49,3116.97,63.61,Electronics,101,34,135,124,32,15,28,32,53,4,43.92,0,3377.2,none,0,3,4.59,13,2024-07-07,IL,google_ads,2026-06-23,email
CUST-00643,2024-05-01,2025-04-28,7,801.15,114.45,Toys,1,0,1,20,8,9,0,0,7,0,6.48,1,1100.34,inactive,21,1,4.42,1,2024-04-28,GA,google_ads,2026-07-07,push
CUST-00644,2026-07-04,2026-08-14,2,297.78,148.89,Home & Garden,7,7,14,3,1,2,0,0,6,4,42.13,1,406.63,none,0,0,4.1,0,2026-06-29,IL,email,2026-07-26,sms
CUST-00645,2023-01-31,2026-03-05,2,1089.67,544.83,Sports,0,0,0,5,1,1,0,0,2,0,32.01,0,1308.35,active,46,0,0.0,0,2023-01-09,OH,referral,2026-06-20,app
CUST-00646,2023-11-22,2026-08-01,8,816.55,102.07,Fashion,37,12,49,28,10,2,5,4,24,16,19.59,0,1082.25,none,0,0,3.65,0,2023-11-15,IL,social_media,2026-06-27,push
CUST-00647,2023-06-14,2026-08-19,61,17335.72,284.19,Beauty,200,105,305,173,64,95,7,7,64,3,29.34,0,18391.8,none,0,0,3.93,17,2023-05-19,TX,social_media,2026-07-15,app
CUST-00648,2025-08-01,2026-08-08,10,520.87,52.09,Electronics,34,71,105,27,9,0,3,2,50,40,34.29,1,581.45,none,0,0,3.88,0,2025-07-24,NY,direct,2026-06-09,app
CUST-00649,2025-04-09,2026-08-18,8,278.34,34.79,Electronics,81,41,122,8,3,15,2,1,19,11,35.25,1,363.52,active,50,0,0.0,0,2025-03-16,FL,social_media,2026-07-14,email
CUST-00650,2026-07-04,2026-08-15,2,282.57,141.28,Toys,13,5,18,6,3,1,0,0,6,4,4.17,1,289.33,none,0,0,4.06,0,2026-06-05,MA,google_ads,2026-08-18,app
CUST-00651,2026-08-13,2026-08-23,1,205.62,205.62,Beauty,6,1,7,1,0,1,0,0,9,8,11.04,0,295.1,none,0,0,3.34,0,2026-08-07,CO,social_media,2026-08-10,sms
CUST-00652,2022-04-16,2026-08-20,41,12232.92,298.36,Beauty,99,149,248,128,36,55,7,8,41,0,9.61,0,17541.96,none,0,3,0.0,0,2022-03-27,GA,referral,2026-07-27,email
CUST-00653,2024-05-25,2026-08-22,15,1757.69,117.18,Fashion,27,43,70,40,22,14,13,15,20,5,46.69,0,2079.04,active,35,1,4.09,0,2024-05-05,OH,organic,2026-08-30,app
CUST-00654,2024-03-25,2026-08-18,5,592.97,118.59,Toys,50,11,61,13,1,7,1,1,11,6,16.29,0,786.1,none,0,0,4.09,0,2024-03-14,NC,email,2026-08-06,email
CUST-00655,2024-01-27,2026-08-18,70,3992.82,57.04,Fashion,208,87,295,97,17,48,43,44,73,3,36.94,1,4846.53,active,32,4,0.0,0,2024-01-11,FL,google_ads,2026-08-06,app
CUST-00656,2024-07-05,2026-07-04,13,1656.74,127.44,Fashion,44,1,45,26,10,8,6,5,13,0,30.96,0,1688.02,inactive,25,1,0.0,0,2024-07-02,NY,organic,2026-08-07,push
CUST-00657,2021-08-01,2026-08-29,49,9440.92,192.67,Books,257,9,266,103,19,24,9,8,52,3,29.47,0,10665.37,none,0,1,5.0,13,2021-07-16,IL,social_media,2026-07-16,email
CUST-00658,2022-10-03,2026-07-24,14,1542.72,110.19,Electronics,61,18,79,36,12,10,10,11,14,0,46.68,0,2083.23,none,0,0,5.0,0,2022-09-05,PA,organic,2026-07-31,email
CUST-00659,2025-04-13,2026-08-01,6,2492.2,415.37,Fashion,28,11,39,16,4,11,4,4,6,0,28.63,1,3420.64,none,0,0,0.0,0,2025-03-24,CO,email,2026-08-01,app
CUST-00660,2022-12-10,2026-07-21,11,2842.21,258.38,Toys,30,15,45,43,8,11,9,10,41,30,48.41,0,3831.83,active,27,1,4.82,0,2022-11-22,PA,google_ads,2026-08-27,push
CUST-00661,2023-02-06,2026-08-31,62,18116.03,292.19,Fashion,313,301,614,170,50,13,11,8,81,19,18.0,1,26469.32,active,34,7,4.08,9,2023-02-05,CA,organic,2026-06-13,email
CUST-00662,2025-03-19,2026-02-01,3,777.96,259.32,Toys,0,0,0,3,1,0,0,0,3,0,13.39,0,1153.2,none,0,0,0.0,0,2025-03-12,PA,organic,2026-07-04,push
CUST-00663,2024-10-15,2026-08-18,62,2739.23,44.18,Sports,307,140,447,200,77,100,40,47,63,1,29.77,1,3277.41,none,0,9,3.84,15,2024-10-11,NJ,direct,2026-07-19,app
CUST-00664,2026-07-29,2026-08-24,1,372.94,372.94,Toys,6,0,6,1,0,0,0,0,14,13,44.2,2,436.52,inactive,14,0,3.61,0,2026-07-16,NJ,referral,2026-07-11,
CUST-00665,2023-04-13,2026-08-22,95,2819.82,29.68,Home & Garden,448,258,706,111,22,90,50,50,109,14,5.62,0,3091.1,none,0,13,4.31,19,2023-03-22,PA,google_ads,2026-07-31,email
CUST-00666,2024-09-21,2026-08-13,17,3809.38,224.08,Toys,32,19,51,27,10,20,4,3,21,4,41.71,0,5690.78,none,0,1,0.0,0,2024-09-17,CA,direct,2026-08-11,
CUST-00667,2023-08-05,2025-07-21,6,1466.43,244.41,Fashion,1,0,1,21,11,5,0,0,6,0,15.61,2,1958.43,none,0,0,0.0,0,2023-07-09,NY,organic,2026-08-28,email
CUST-00668,2021-04-10,2026-05-28,46,9180.96,199.59,Beauty,43,67,110,183,25,86,8,8,47,1,48.39,0,11465.86,none,0,2,,1,2021-04-09,CO,organic,2026-07-11,push
CUST-00669,2026-08-03,2026-08-19,3,586.09,195.36,Beauty,21,3,24,7,3,4,1,1,6,3,41.33,0,634.38,none,0,0,4.31,0,2026-07-18,PA,referral,2026-06-07,push
CUST-00670,2026-07-31,2026-08-22,1,265.82,265.82,Fashion,2,0,2,3,1,0,0,0,5,4,39.34,2,345.47,active,47,0,4.26,0,2026-07-15,GA,organic,2026-08-26,push
CUST-00671,2026-08-23,2026-08-23,1,372.24,372.24,Home & Garden,2,2,4,1,0,1,0,0,8,7,49.64,0,378.9,active,19,0,3.91,0,2026-08-13,WA,organic,2026-07-30,sms
CUST-00672,2024-11-04,2026-07-31,18,1315.87,73.1,Fashion,76,38,114,33,5,13,11,11,32,14,1.81,0,1443.32,none,0,1,5.0,1,2024-10-27,CA,social_media,2026-07-27,app
CUST-00673,2023-01-03,2026-07-11,14,2064.88,147.49,Toys,74,35,109,14,3,15,12,10,19,5,15.11,2,2854.87,none,0,0,0.0,0,2022-12-31,GA,referral,2026-06-14,push
CUST-00674,2024-07-30,2026-08-08,1,570.59,570.59,Food,3,3,6,2,0,1,0,0,38,37,20.34,0,598.45,none,0,0,0.0,0,2024-07-02,TX,direct,2026-07-14,push
CUST-00675,2025-04-10,2026-08-25,5,657.1,131.42,Electronics,15,14,29,10,5,2,1,0,26,21,45.76,0,798.04,active,27,0,4.43,0,2025-03-22,MI,social_media,2026-07-20,sms
CUST-00676,2024-07-05,2026-07-25,23,2749.88,119.56,Beauty,41,79,120,42,23,18,14,15,23,0,16.9,0,3943.46,none,0,1,0.0,0,2024-06-15,NC,email,2026-08-15,sms
CUST-00677,2021-07-09,2025-05-16,0,0.0,0.0,Sports,0,0,0,0,0,0,0,0,0,0,44.62,0,0.0,none,0,0,5.0,0,2021-07-09,AZ,email,2026-08-23,app
CUST-00678,2023-10-08,2026-03-10,41,10400.49,253.67,Electronics,52,15,67,60,26,7,11,12,45,4,45.33,0,14803.55,active,2,4,0.0,0,2023-10-04,TX,referral,2026-06-19,app
CUST-00679,2025-03-23,2026-07-10,17,3105.72,182.69,Home & Garden,90,53,143,46,16,27,13,12,17,0,38.43,0,3131.15,none,0,1,4.68,1,2025-03-10,FL,email,2026-07-25,app
CUST-00680,2024-06-12,2026-08-16,9,556.69,61.85,Books,59,2,61,13,3,5,1,0,15,6,6.13,0,803.42,none,0,0,4.25,1,2024-05-24,FL,referral,2026-07-18,push
CUST-00681,2025-10-19,2026-08-24,8,449.26,56.16,Food,69,33,102,22,5,9,1,0,9,1,1.87,0,510.93,none,0,1,4.61,2,2025-10-02,FL,email,2026-07-05,email
CUST-00682,2023-06-20,2026-07-10,15,1754.11,116.94,Home & Garden,45,33,78,51,5,13,11,11,21,6,25.83,4,1802.02,none,0,0,0.0,0,2023-05-29,NC,google_ads,2026-07-06,email
CUST-00683,2023-05-25,2026-08-23,57,2725.89,47.82,Fashion,242,107,349,57,27,85,34,39,68,11,26.2,0,4084.1,inactive,20,1,4.31,12,2023-05-15,WA,direct,2026-08-07,email
CUST-00684,2022-01-06,2026-01-02,5,545.52,109.1,Sports,1,1,2,10,5,1,0,0,5,0,19.0,1,723.67,none,0,0,0.0,0,2021-12-31,NC,email,2026-08-13,sms
CUST-00685,2022-08-04,2026-08-21,43,10649.85,247.67,Home & Garden,293,257,550,68,24,29,6,5,43,0,28.63,0,11618.67,none,0,0,4.96,5,2022-07-11,GA,direct,2026-06-17,sms
CUST-00686,2024-09-12,2026-08-13,22,6369.53,289.52,Books,52,60,112,54,7,17,4,4,22,0,17.42,1,8434.61,inactive,50,1,4.42,6,2024-09-01,AZ,email,2026-07-19,email
CUST-00687,2023-09-20,2026-08-15,18,1884.41,104.69,Food,36,44,80,42,15,1,14,15,23,5,37.44,0,2467.03,none,0,2,4.81,3,2023-09-11,AZ,social_media,2026-06-12,app
CUST-00688,2025-11-02,2026-08-21,16,191.08,11.94,Fashion,153,141,294,50,7,12,4,4,35,19,18.47,1,246.2,active,14,0,0.0,0,2025-11-02,NJ,direct,2026-08-08,app
CUST-00689,2022-09-25,2026-08-29,67,15735.83,234.86,Food,521,150,671,184,64,26,11,12,77,10,16.19,2,19318.55,inactive,25,6,3.53,7,2022-09-25,MI,email,2026-08-09,app
CUST-00690,2021-09-19,2025-09-15,12,1215.34,101.28,Electronics,2,1,3,20,3,18,0,0,12,0,49.75,0,1271.84,active,50,0,0.0,0,2021-08-22,WA,email,2026-08-19,email
CUST-00691,2021-08-05,2025-05-31,1,979.07,979.07,Electronics,0,0,0,3,0,1,0,0,1,0,21.96,0,1348.35,none,0,0,3.07,0,2021-07-22,MI,referral,2026-06-26,sms
CUST-00692,2023-07-27,2026-08-21,102,3378.67,33.12,Toys,279,22,301,200,69,100,50,50,112,10,47.77,0,3450.62,none,0,10,4.15,4,2023-07-25,OH,referral,2026-08-22,sms
CUST-00693,2022-12-23,2026-08-28,117,3302.58,28.23,Sports,345,188,533,200,54,40,50,50,120,3,41.6,1,4158.5,none,0,7,5.0,14,2022-12-20,AZ,referral,2026-08-16,app
CUST-00694,2024-10-10,2026-08-04,20,3756.28,187.81,Sports,122,6,128,74,17,35,5,5,21,1,29.78,0,4136.2,none,0,2,0.0,0,2024-09-25,MI,referral,2026-07-15,push
CUST-00695,2026-07-19,2026-08-24,2,451.88,225.94,Electronics,9,8,17,3,0,2,0,0,18,16,5.9,1,530.56,active,23,0,4.55,0,2026-06-20,GA,social_media,2026-06-30,sms
CUST-00696,2024-11-20,2026-07-15,18,1113.46,61.86,Fashion,70,52,122,48,27,29,9,8,24,6,46.92,4,1538.35,none,0,2,0.0,0,2024-11-05,OH,,2026-07-03,sms
CUST-00697,2023-09-10,2026-07-22,17,915.19,53.83,Home & Garden,71,21,92,48,18,20,12,13,18,1,18.36,0,1044.84,none,0,0,4.37,0,2023-09-01,WA,google_ads,2026-07-31,push
CUST-00698,2023-07-21,2026-08-26,68,15849.5,233.08,Books,495,66,561,200,92,57,13,11,71,3,3.16,1,20776.78,none,0,1,0.0,0,2023-07-19,NC,direct,2026-06-05,sms
CUST-00699,2024-01-21,2026-08-01,17,2034.42,119.67,Books,56,58,114,23,11,20,13,13,36,19,31.35,1,2927.1,none,0,1,0.0,0,2024-01-18,NY,direct,2026-07-29,sms
CUST-00700,2023-07-17,2026-08-25,66,20771.52,314.72,Toys,481,327,808,200,73,31,11,10,69,3,40.1,1,30506.51,active,39,2,4.18,1,2023-07-15,MI,referral,2026-06-15,app
CUST-00701,2025-09-14,2026-08-04,24,3117.1,129.88,Home & Garden,78,30,108,88,51,3,5,5,24,0,18.87,0,3952.56,none,0,2,0.0,0,2025-08-28,TX,direct,2026-07-08,app
CUST-00702,2025-08-29,2026-08-18,11,916.46,83.31,Beauty,140,42,182,14,8,11,3,3,17,6,37.38,2,1093.88,none,0,1,0.0,0,2025-08-10,CA,google_ads,2026-06-23,email
CUST-00703,2023-07-26,2025-10-22,1,963.21,963.21,Toys,0,0,0,3,0,0,0,0,2,1,32.05,0,1052.13,none,0,0,3.69,0,2023-07-15,,direct,2026-08-24,app
CUST-00704,2021-11-30,2026-08-19,35,12422.77,354.94,Electronics,347,117,464,38,15,30,3,3,35,0,28.89,3,13898.62,inactive,1,0,0.0,0,2021-11-06,NY,email,2026-07-01,email
CUST-00705,2024-01-08,2026-07-17,15,1718.36,114.56,Fashion,49,3,52,57,23,21,11,11,15,0,26.27,1,1756.61,none,0,0,,0,2023-12-12,NC,google_ads,2026-06-11,email
CUST-00706,2023-07-03,2026-07-09,10,1820.85,182.08,Fashion,28,2,30,32,14,18,7,7,18,8,31.53,0,2642.16,none,0,0,0.0,0,2023-06-06,NJ,social_media,2026-06-30,push
CUST-00707,2024-12-12,2026-07-30,14,977.09,69.79,Beauty,55,7,62,27,8,22,11,9,19,5,12.17,4,1442.25,none,0,1,4.26,3,2024-12-07,,direct,2026-08-05,app
CUST-00708,2024-02-20,2026-08-22,5,282.01,56.4,Sports,23,22,45,11,6,6,1,0,31,26,30.75,1,323.52,none,0,0,4.21,1,2024-01-22,OH,,2026-07-12,sms
CUST-00709,2024-04-08,2026-07-16,15,583.15,38.88,Beauty,32,36,68,24,2,28,8,7,16,1,16.52,0,603.38,active,18,0,0.0,0,2024-04-07,CO,google_ads,2026-08-16,app
CUST-00710,2024-10-22,2026-08-14,14,5482.19,391.59,Books,66,39,105,54,15,17,3,2,14,0,18.87,0,5527.81,none,0,0,0.0,0,2024-10-06,CO,google_ads,2026-08-01,push
CUST-00711,2024-08-21,2026-08-26,15,507.78,33.85,Electronics,219,18,237,40,19,15,3,3,29,14,36.44,1,703.48,none,0,0,3.91,3,2024-08-14,CO,email,2026-06-19,sms
CUST-00712,2022-09-01,2026-07-24,15,761.91,50.79,Food,68,26,94,54,11,13,7,6,19,4,36.64,0,844.99,none,0,0,4.2,2,2022-08-14,MA,social_media,2026-07-13,push
CUST-00713,2023-02-02,2026-08-31,68,16118.17,237.03,Fashion,338,32,370,141,26,100,11,12,73,5,5.5,0,18211.21,none,0,4,3.42,10,2023-01-24,CO,google_ads,2026-06-21,sms
CUST-00714,2023-06-19,2026-07-17,15,2795.67,186.38,Books,20,44,64,20,5,14,9,9,20,5,14.77,0,3868.65,none,0,2,4.35,2,2023-05-31,CA,direct,2026-06-27,push
CUST-00715,2022-05-07,2026-05-25,41,11694.67,285.24,Home & Garden,20,37,57,44,15,65,9,8,44,3,13.49,1,15263.06,active,54,1,4.34,0,2022-04-09,MI,organic,2026-08-31,push
CUST-00716,2023-03-02,2025-12-23,9,1168.32,129.81,Sports,2,1,3,22,9,3,0,0,9,0,23.47,2,1646.53,none,0,0,0.0,0,2023-02-19,CA,direct,2026-06-19,email
CUST-00717,2022-09-07,2026-07-28,9,2503.27,278.14,Home & Garden,46,3,49,31,13,6,4,3,11,2,7.02,0,2569.55,none,0,0,4.59,0,2022-09-07,AZ,organic,2026-07-14,push
CUST-00718,2021-03-19,2025-09-10,3,912.8,304.27,Fashion,0,0,0,4,1,5,0,0,3,0,24.92,0,978.66,none,0,0,4.43,0,2021-03-18,NY,social_media,2026-08-21,push
CUST-00719,2022-09-24,2026-08-24,50,17481.67,349.63,Home & Garden,240,193,433,70,9,87,8,7,57,7,6.79,1,18096.42,none,0,4,0.0,0,2022-08-27,WA,referral,2026-07-17,app
CUST-00720,2022-02-04,2025-05-30,7,1137.55,162.51,Beauty,2,1,3,25,4,3,0,0,7,0,16.06,0,1696.37,active,32,0,4.6,0,2022-01-12,CO,google_ads,2026-07-02,app
CUST-00721,2022-10-01,2026-03-12,40,8113.94,202.85,Home & Garden,68,25,93,42,24,29,10,9,41,1,19.42,0,8202.59,none,0,5,3.98,1,2022-09-05,CA,referral,2026-07-16,sms
CUST-00722,2024-10-14,2026-08-16,16,6117.78,382.36,Beauty,101,6,107,34,4,4,2,1,19,3,40.46,0,8059.91,none,0,1,4.4,0,2024-09-23,MI,referral,2026-07-24,app
CUST-00723,2025-11-01,2026-08-12,23,3920.36,170.45,Home & Garden,118,42,160,53,6,6,4,4,23,0,16.73,1,5472.92,active,44,3,4.1,5,2025-10-03,AZ,organic,2026-07-22,email
CUST-00724,2024-09-24,2026-08-19,77,3384.49,43.95,Sports,250,229,479,182,83,100,46,50,80,3,20.58,0,4050.24,none,0,10,0.0,0,2024-09-09,TX,direct,2026-08-06,push
CUST-00725,2022-06-29,2026-05-11,47,10861.11,231.09,Electronics,92,42,134,140,76,73,12,14,58,11,29.06,0,13354.44,none,0,0,0.0,0,2022-06-11,CO,google_ads,2026-08-08,push
CUST-00726,2021-06-07,2025-05-09,6,1073.27,178.88,Electronics,2,1,3,12,5,3,0,0,6,0,39.12,1,1171.28,active,50,0,3.7,0,2021-05-17,AZ,organic,2026-07-05,email
CUST-00727,2023-06-27,2026-05-08,43,10078.2,234.38,Books,52,48,100,90,41,31,9,9,50,7,5.44,0,13141.75,none,0,6,4.34,6,2023-06-03,MI,email,2026-07-08,app
CUST-00728,2024-11-06,2025-08-03,0,0.0,0.0,Electronics,0,0,0,0,0,0,0,0,0,0,5.24,3,0.0,active,43,0,3.58,0,2024-10-22,CA,google_ads,2026-08-14,email
CUST-00729,2022-12-12,2026-08-26,38,14942.29,393.22,Home & Garden,336,40,376,136,50,66,4,4,49,11,27.15,1,19785.65,none,0,2,4.72,9,2022-11-20,MA,social_media,2026-06-23,sms
CUST-00730,2021-07-11,2026-03-14,32,7459.83,233.12,Sports,78,7,85,113,50,49,6,5,37,5,17.99,0,9700.01,active,47,3,4.01,3,2021-06-27,NJ,social_media,2026-08-25,app
CUST-00731,2024-09-03,2026-08-10,21,7701.51,366.74,Books,49,69,118,75,27,12,4,3,23,2,12.15,0,11168.76,none,0,0,5.0,4,2024-08-17,PA,organic,2026-06-08,email
CUST-00732,2025-05-29,2026-08-29,17,3281.2,193.01,Books,74,50,124,39,17,15,3,2,20,3,1.15,1,4667.69,none,0,0,3.84,1,2025-05-04,IL,email,2026-07-03,sms
CUST-00733,2025-05-25,2026-08-15,8,431.4,53.93,Food,25,54,79,25,12,13,2,2,18,10,47.58,0,628.9,inactive,7,0,3.74,0,2025-05-17,GA,direct,2026-08-15,email
CUST-00734,2026-08-27,2026-08-27,2,0.0,0.0,Fashion,14,5,19,6,2,3,0,0,7,5,42.62,0,0.0,active,11,0,4.09,0,2026-08-02,PA,direct,2026-07-21,sms
CUST-00735,2024-09-30,2026-08-19,86,1847.9,21.49,Beauty,316,208,524,200,100,100,48,44,86,0,22.49,1,2601.3,inactive,31,8,4.08,7,2024-09-30,FL,organic,2026-07-12,push
CUST-00736,2025-03-04,2026-08-20,5,639.48,127.9,Food,43,19,62,8,1,4,1,1,34,29,0.48,3,748.64,none,0,0,3.4,1,2025-02-20,FL,google_ads,2026-06-12,sms
CUST-00737,2024-06-12,2025-07-11,0,0.0,0.0,Fashion,0,0,0,0,0,0,0,0,0,0,3.1,0,0.0,none,0,0,0.0,0,2024-05-30,NC,google_ads,2026-07-22,sms
CUST-00738,2022-01-31,2026-08-27,51,13822.84,271.04,Sports,220,247,467,124,53,19,7,6,58,7,39.04,1,16271.0,none,0,7,4.18,2,2022-01-24,TX,google_ads,2026-08-10,app
CUST-00739,2024-02-16,2026-08-21,115,4083.16,35.51,Toys,333,321,654,200,62,100,50,43,115,0,30.49,2,4300.32,inactive,22,13,0.0,0,2024-01-26,GA,organic,2026-06-18,push
CUST-00740,2026-07-28,2026-08-15,1,516.62,516.62,Sports,5,0,5,2,0,1,0,0,1,0,2.91,1,714.69,none,0,0,0.0,0,2026-07-06,MI,email,2026-08-15,push
CUST-00741,2026-07-10,2026-08-15,1,169.68,169.68,Electronics,4,1,5,3,1,0,0,0,11,10,16.16,2,176.17,none,0,0,0.0,0,2026-06-28,CA,referral,2026-07-19,app
CUST-00742,2022-03-31,2025-10-02,4,1247.27,311.82,Home & Garden,1,0,1,12,4,1,0,0,4,0,39.98,0,1340.0,none,0,0,2.54,1,2022-03-13,WA,organic,2026-07-30,app
CUST-00743,2024-10-31,2026-08-20,5,705.95,141.19,Beauty,56,36,92,14,4,4,1,1,9,4,17.1,2,910.16,active,40,0,4.72,1,2024-10-19,CA,email,2026-07-11,sms
CUST-00744,2024-07-13,2026-08-30,91,2752.57,30.25,Toys,351,261,612,200,100,82,50,50,97,6,25.39,0,3716.67,inactive,48,12,4.83,18,2024-06-17,MI,direct,2026-06-28,app
CUST-00745,2023-09-02,2026-08-20,97,2801.07,28.88,Toys,459,42,501,200,100,100,43,45,107,10,21.28,0,3421.31,active,53,12,3.83,17,2023-08-14,CO,email,2026-06-08,app
CUST-00746,2024-03-09,2026-08-14,7,838.71,119.82,Sports,26,53,79,19,5,0,2,1,16,9,34.09,2,1184.86,none,0,0,0.0,0,2024-03-01,,email,2026-08-19,app
CUST-00747,2025-02-22,2026-08-09,9,560.87,62.32,Home & Garden,80,16,96,28,10,16,3,2,19,10,37.53,0,569.73,none,0,0,4.15,2,2025-02-14,PA,organic,2026-06-23,app
CUST-00748,2022-08-06,2025-09-23,7,157.85,22.55,Toys,1,1,2,24,9,11,0,0,7,0,7.43,0,162.82,none,0,1,0.0,0,2022-07-13,PA,referral,2026-07-17,email
CUST-00749,2025-02-23,2026-07-30,21,1881.97,89.62,Sports,57,10,67,22,7,38,12,10,36,15,5.27,0,2709.48,none,0,1,3.89,4,2025-02-08,CO,google_ads,2026-07-24,app
CUST-00750,2024-03-08,2026-08-25,10,560.39,56.04,Books,46,5,51,22,9,11,2,2,33,23,36.6,0,783.55,none,0,0,4.21,1,2024-03-01,AZ,referral,2026-06-26,push
CUST-00751,2024-11-18,2026-08-17,20,3129.67,156.48,Sports,86,56,142,45,7,38,3,2,24,4,32.94,0,3430.93,none,0,1,0.0,0,2024-11-11,AZ,organic,2026-06-12,push
CUST-00752,2023-04-06,2026-08-10,14,2082.37,148.74,Food,32,1,33,28,4,16,8,6,17,3,10.47,1,2461.82,active,21,0,3.82,4,2023-03-13,CA,referral,2026-08-04,push
CUST-00753,2021-05-30,2025-09-25,2,593.84,296.92,Books,0,0,0,3,1,3,0,0,2,0,3.22,0,726.51,none,0,0,4.77,0,2021-05-03,NC,social_media,2026-08-06,email
CUST-00754,2026-07-28,2026-08-27,1,297.82,297.82,Fashion,2,2,4,1,0,1,0,0,6,5,38.64,0,306.9,none,0,0,0.0,0,2026-07-23,MI,referral,2026-07-24,email
CUST-00755,2023-11-02,2026-03-17,40,9622.7,240.57,Fashion,86,7,93,150,48,29,8,9,42,2,2.96,3,10333.74,none,0,3,0.0,0,2023-10-21,MA,organic,2026-08-26,sms
CUST-00756,2021-11-08,2026-03-25,31,9677.98,312.19,Food,68,21,89,50,28,49,4,4,33,2,8.01,0,13028.72,none,0,1,0.0,0,2021-10-22,PA,referral,2026-07-04,sms
CUST-00757,2025-04-16,2026-08-29,34,6619.29,194.68,Electronics,202,62,264,135,33,66,6,5,44,10,35.12,1,7756.45,none,0,0,0.0,0,2025-03-31,WA,referral,2026-07-18,sms
CUST-00758,2024-10-29,2026-07-15,18,2431.23,135.07,Toys,61,44,105,52,29,3,10,9,24,6,24.77,2,3171.15,active,7,2,4.01,0,2024-10-17,CA,referral,2026-06-22,sms
CUST-00759,2026-07-22,2026-08-25,3,443.69,147.9,Home & Garden,13,1,14,8,3,0,0,0,5,2,24.96,0,648.12,none,0,0,0.0,0,2026-07-11,CA,referral,2026-08-10,app
CUST-00760,2025-03-07,2025-10-02,5,815.39,163.08,Fashion,1,0,1,9,2,0,0,0,5,0,40.23,0,1127.32,active,2,0,0.0,0,2025-02-17,PA,email,2026-08-15,app
CUST-00761,2024-11-24,2026-08-15,87,2815.7,32.36,Sports,204,207,411,129,47,88,38,35,87,0,23.24,1,3196.11,none,0,2,4.05,23,2024-11-16,MA,email,2026-08-09,app
CUST-00762,2025-10-04,2026-08-20,12,540.86,45.07,Electronics,47,102,149,37,21,7,4,4,19,7,48.24,0,626.22,none,0,1,0.0,0,2025-09-29,NC,google_ads,2026-07-29,app
CUST-00763,2022-10-03,2025-06-16,1,48.21,48.21,Sports,0,0,0,2,0,0,0,0,1,0,39.7,0,67.75,inactive,8,0,3.12,0,2022-09-19,FL,direct,2026-08-14,sms
CUST-00764,2021-11-03,2026-05-07,38,8688.49,228.64,Books,51,11,62,131,61,65,6,5,47,9,7.9,1,9718.88,none,0,4,4.01,11,2021-10-27,MA,organic,2026-06-21,sms
CUST-00765,2023-01-01,2026-08-31,69,13594.26,197.02,Toys,587,272,859,200,77,0,7,8,70,1,20.23,2,14919.97,none,0,8,3.0,5,2022-12-08,OH,direct,2026-08-14,email
CUST-00766,2023-08-16,2026-04-12,24,12188.72,507.86,Electronics,43,1,44,33,6,11,6,5,25,1,45.57,0,13806.75,none,0,0,4.76,5,2023-08-10,WA,email,2026-06-09,app
CUST-00767,2024-09-23,2025-12-08,7,840.29,120.04,Books,2,1,3,7,1,7,0,0,7,0,32.81,1,964.44,none,0,0,5.0,0,2024-08-26,AZ,social_media,2026-08-13,
CUST-00768,2021-09-29,2026-03-20,43,13349.91,310.46,Sports,26,0,26,133,31,28,9,7,45,2,16.26,1,18916.86,active,55,3,4.48,5,2021-09-22,IL,referral,2026-07-01,push
CUST-00769,2023-08-17,2026-08-16,53,1498.35,28.27,Food,155,77,232,78,40,84,24,22,53,0,42.43,0,1827.47,none,0,2,4.45,11,2023-07-19,CO,google_ads,2026-06-15,app
CUST-00770,2023-07-14,2026-08-28,47,13104.84,278.83,Electronics,278,69,347,118,20,65,6,5,78,31,38.84,1,17191.73,none,0,5,4.12,7,2023-07-11,CA,google_ads,2026-08-21,email
CUST-00771,2025-10-03,2026-08-20,24,5733.22,238.88,Food,158,23,181,60,34,45,6,6,25,1,36.08,0,5995.66,active,7,2,0.0,0,2025-09-23,NJ,social_media,2026-06-28,push
CUST-00772,2023-01-14,2026-08-31,55,16934.7,307.9,Home & Garden,110,183,293,94,44,49,9,10,62,7,16.8,1,19180.14,none,0,0,3.93,1,2023-01-02,IL,email,2026-07-29,app
CUST-00773,2023-09-08,2026-08-22,71,2703.82,38.08,Beauty,332,197,529,200,100,100,28,25,71,0,4.71,0,3384.59,none,0,9,4.2,18,2023-08-19,OH,email,2026-06-13,email
CUST-00774,2022-04-23,2026-03-12,47,10254.86,218.19,Sports,25,63,88,47,13,15,12,9,49,2,14.75,0,14212.3,inactive,14,1,4.25,9,2022-03-27,MA,,2026-06-05,sms
CUST-00775,2024-03-23,2026-08-11,10,564.75,56.48,Beauty,131,53,184,33,15,11,2,2,13,3,38.97,1,796.9,none,0,0,0.0,0,2024-03-07,WA,organic,2026-07-21,app
CUST-00776,2023-04-20,2026-08-15,119,1887.85,15.86,Home & Garden,579,41,620,200,89,100,50,50,122,3,41.54,0,2286.49,inactive,49,17,0.0,0,2023-04-01,IL,google_ads,2026-06-07,
CUST-00777,2023-08-03,2026-04-22,49,10339.88,211.02,Sports,32,19,51,67,14,10,14,12,50,1,44.93,1,13535.1,none,0,6,4.69,7,2023-07-13,NC,email,2026-08-29,app
CUST-00778,2026-07-11,2026-08-25,2,431.86,215.93,Books,5,8,13,7,3,2,0,0,13,11,31.5,4,579.92,none,0,0,0.0,0,2026-07-02,CA,social_media,2026-08-17,sms
CUST-00779,2025-06-19,2026-08-30,12,2522.47,210.21,Fashion,70,16,86,32,12,0,2,2,15,3,9.5,1,3139.21,none,0,0,3.89,2,2025-05-29,WA,direct,2026-07-25,email
CUST-00780,2025-05-29,2026-08-14,12,658.58,54.88,Electronics,171,10,181,23,7,11,3,2,28,16,32.25,0,696.04,none,0,0,4.18,0,2025-05-08,NJ,referral,2026-07-28,push
CUST-00781,2022-07-23,2026-03-31,48,9543.36,198.82,Food,94,49,143,126,48,10,10,8,48,0,45.02,0,13087.3,none,0,1,3.22,10,2022-07-02,NY,organic,2026-07-13,email
CUST-00782,2025-04-20,2026-08-10,9,664.92,73.88,Fashion,110,72,182,29,15,16,3,2,18,9,0.01,0,972.2,active,38,0,0.0,0,2025-04-10,PA,email,2026-06-27,email
CUST-00783,2026-08-13,2026-08-25,2,260.58,130.29,Toys,3,7,10,4,2,2,0,0,3,1,20.34,0,380.28,none,0,0,4.34,0,2026-07-21,GA,,2026-06-07,app
CUST-00784,2023-05-22,2026-07-17,11,1890.03,171.82,Toys,34,26,60,18,10,2,7,5,11,0,46.13,1,2546.02,none,0,1,4.27,2,2023-04-25,CA,google_ads,2026-06-15,sms
CUST-00785,2021-03-24,2026-08-24,51,14459.43,283.52,Electronics,380,41,421,72,34,73,7,5,51,0,14.41,0,16122.79,none,0,0,0.0,0,2021-03-21,CO,referral,2026-08-28,app
CUST-00786,2025-05-14,2026-08-25,5,625.65,125.13,Books,15,41,56,13,7,3,1,0,23,18,28.29,2,633.61,none,0,0,0.0,0,2025-04-20,OH,email,2026-07-31,email
CUST-00787,2024-03-10,2026-07-24,6,680.07,113.34,Beauty,28,5,33,18,10,0,4,4,7,1,11.26,0,712.0,none,0,0,0.0,0,2024-02-17,WA,organic,2026-08-28,sms
CUST-00788,2025-01-30,2026-08-21,8,3135.2,391.9,Electronics,22,13,35,18,7,14,3,2,19,11,25.32,1,3472.9,none,0,1,4.6,0,2025-01-23,TX,organic,2026-06-26,sms
CUST-00789,2024-01-20,2026-07-10,18,1203.95,66.89,Fashion,30,42,72,67,12,21,10,9,20,2,17.71,0,1794.82,none,0,1,3.55,2,2024-01-02,IL,google_ads,2026-08-01,sms
CUST-00790,2024-01-06,2026-07-18,16,965.61,60.35,Electronics,79,47,126,48,24,23,13,11,18,2,23.21,0,1315.83,none,0,0,5.0,2,2023-12-19,MA,direct,2026-07-05,app
CUST-00791,2022-12-26,2026-08-14,120,3777.7,31.48,Electronics,210,104,314,200,37,100,50,50,120,0,13.45,3,4280.42,inactive,12,2,0.0,0,2022-12-04,PA,social_media,2026-08-01,email
CUST-00792,2025-02-22,2026-08-19,20,1405.38,70.27,Beauty,60,4,64,67,31,36,11,10,21,1,18.56,0,1442.85,none,0,1,3.96,1,2025-02-19,TX,referral,2026-06-07,email
CUST-00793,2023-07-01,2025-06-18,3,1553.01,517.67,Toys,1,0,1,5,2,5,0,0,3,0,8.51,0,1814.67,none,0,0,4.18,0,2023-06-09,MA,direct,2026-07-31,sms
CUST-00794,2023-11-19,2026-03-19,42,12611.29,300.27,Food,24,22,46,149,71,18,8,7,49,7,29.91,1,17112.32,none,0,5,0.0,0,2023-11-09,OH,referral,2026-08-09,app
CUST-00795,2021-08-30,2026-01-07,0,0.0,0.0,Home & Garden,0,0,0,0,0,0,0,0,0,0,20.36,0,0.0,active,22,0,0.0,0,2021-08-04,CO,organic,2026-08-23,app
CUST-00796,2026-08-21,2026-08-28,2,338.45,169.23,Books,13,0,13,6,2,3,0,0,2,0,11.72,0,414.57,none,0,0,0.0,0,2026-07-28,WA,referral,2026-08-01,sms
CUST-00797,2025-10-04,2026-08-07,35,5429.05,155.12,Electronics,185,37,222,126,58,51,10,11,48,13,47.57,0,6780.14,none,0,1,3.44,8,2025-09-20,OH,google_ads,2026-08-24,push
CUST-00798,2026-08-08,2026-08-14,3,233.1,77.7,Sports,20,8,28,10,3,1,1,0,30,27,0.28,4,347.38,none,0,0,4.0,0,2026-07-27,MI,email,2026-06-12,push
CUST-00799,2025-07-28,2026-08-19,9,352.61,39.18,Home & Garden,90,73,163,27,15,9,2,2,18,9,42.3,1,493.88,none,0,0,4.19,0,2025-07-21,TX,google_ads,2026-07-03,app
CUST-00800,2026-07-09,2026-08-17,2,200.23,100.11,Books,14,8,22,3,0,1,0,0,2,0,20.75,0,201.72,none,0,0,0.0,0,2026-06-26,WA,referral,2026-06-26,email
CUST-00801,2021-11-01,2026-01-24,5,1533.77,306.75,Books,2,0,2,16,6,8,0,0,5,0,47.5,1,1779.31,none,0,0,4.24,1,2021-10-28,CO,referral,2026-06-12,push
CUST-00802,2026-08-15,2026-08-28,2,501.98,250.99,Books,12,2,14,2,0,2,0,0,2,0,25.49,0,636.18,none,0,0,3.01,0,2026-08-15,AZ,google_ads,2026-08-15,push
CUST-00803,2022-08-08,2025-07-16,4,371.37,92.84,Toys,1,0,1,12,6,0,0,0,4,0,38.74,0,376.41,none,0,0,3.49,0,2022-07-23,NJ,referral,2026-07-27,app
CUST-00804,2024-12-07,2026-08-31,85,1212.84,14.27,Electronics,218,144,362,146,20,4,42,35,87,2,38.65,1,1583.32,none,0,3,4.14,10,2024-12-05,IL,organic,2026-07-18,sms
CUST-00805,2025-06-30,2026-08-20,9,402.57,44.73,Fashion,31,23,54,32,8,2,2,2,12,3,13.98,3,438.56,none,0,0,3.68,0,2025-06-29,MA,direct,2026-06-15,push
CUST-00806,2023-07-08,2026-08-17,46,2014.29,43.79,Sports,111,0,111,156,84,89,31,31,47,1,49.96,0,2700.31,none,0,5,0.0,0,2023-07-03,MI,social_media,2026-08-28,email
CUST-00807,2026-07-07,2026-08-24,3,30.83,10.28,Books,15,3,18,11,4,4,0,0,18,15,2.51,0,38.26,none,0,0,0.0,0,2026-06-26,GA,direct,2026-07-11,push
CUST-00808,2022-11-24,2026-08-25,33,14154.36,428.92,Toys,176,175,351,107,42,0,6,5,59,26,24.78,1,14644.76,none,0,1,3.68,1,2022-11-02,IL,organic,2026-08-06,push
CUST-00809,2024-11-01,2026-08-27,107,2345.22,21.92,Toys,525,271,796,200,97,41,50,41,109,2,11.29,1,2919.91,none,0,8,0.0,0,2024-10-15,FL,direct,2026-08-01,push
CUST-00810,2025-05-15,2026-08-14,6,669.18,111.53,Home & Garden,23,17,40,14,8,5,2,2,9,3,2.93,0,903.49,none,0,0,5.0,1,2025-05-11,MA,email,2026-07-07,sms
CUST-00811,2023-03-09,2026-08-30,60,2151.28,35.85,Home & Garden,129,143,272,200,97,62,30,33,61,1,14.49,0,2876.48,none,0,5,3.54,1,2023-02-12,AZ,email,2026-07-20,email
CUST-00812,2026-07-26,2026-08-30,1,260.1,260.1,Toys,6,2,8,2,0,1,0,0,7,6,7.31,0,322.83,none,0,0,3.89,0,2026-07-13,,email,2026-07-02,sms
CUST-00813,2024-04-07,2026-08-22,17,488.49,28.73,Food,100,86,186,17,4,7,5,4,22,5,16.57,0,499.92,none,0,0,0.0,0,2024-03-31,CA,direct,2026-08-31,
CUST-00814,2023-10-28,2026-08-21,72,18118.68,251.65,Electronics,180,28,208,81,24,100,8,8,83,11,12.76,0,24323.13,none,0,3,3.9,21,2023-10-25,CO,referral,2026-08-14,sms
CUST-00815,2026-08-10,2026-08-28,1,246.8,246.8,Toys,3,0,3,1,0,1,0,0,3,2,24.68,0,280.0,none,0,0,0.0,0,2026-07-29,AZ,social_media,2026-08-18,push
CUST-00816,2021-11-18,2026-04-17,11,9763.58,887.6,Toys,14,8,22,30,6,3,2,1,12,1,41.98,0,10313.91,active,51,0,3.37,0,2021-11-16,NC,direct,2026-08-27,
CUST-00817,2024-07-17,2026-08-02,9,3735.82,415.09,Fashion,25,21,46,16,4,7,4,3,10,1,2.81,2,4338.07,none,0,1,0.0,0,2024-06-22,TX,google_ads,2026-08-01,push
CUST-00818,2026-08-19,2026-08-19,2,332.38,166.19,Sports,3,4,7,5,1,0,0,0,2,0,25.55,0,342.42,none,0,0,4.69,0,2026-07-21,CO,email,2026-08-05,app
CUST-00819,2023-02-24,2026-08-23,50,20035.18,400.7,Electronics,408,188,596,52,21,49,5,5,72,22,14.63,0,23205.77,none,0,6,4.2,5,2023-02-04,CA,email,2026-08-04,app
CUST-00820,2024-06-18,2026-08-24,15,600.98,40.07,Sports,87,115,202,47,23,28,3,2,20,5,19.96,0,840.68,none,0,1,4.31,1,2024-06-06,WA,google_ads,2026-06-14,email
CUST-00821,2022-05-19,2026-08-21,28,13248.84,473.17,Books,101,24,125,55,21,33,4,3,37,9,20.49,2,19290.2,none,0,2,0.0,0,2022-05-13,WA,google_ads,2026-08-21,push
CUST-00822,2022-07-02,2026-05-18,43,12087.27,281.1,Fashion,36,8,44,90,31,5,12,13,46,3,8.64,0,15288.73,none,0,4,4.09,0,2022-06-18,IL,direct,2026-07-27,email
CUST-00823,2025-02-17,2026-08-29,83,2820.56,33.98,Fashion,253,36,289,200,100,100,46,43,84,1,9.04,0,4205.19,active,16,1,0.0,0,2025-01-27,FL,email,2026-06-16,app
CUST-00824,2022-06-30,2025-12-07,4,687.36,171.84,Toys,0,1,1,8,3,7,0,0,5,1,8.7,2,728.54,inactive,48,0,4.62,0,2022-06-05,TX,social_media,2026-07-21,app
CUST-00825,2024-10-06,2026-08-19,57,2496.89,43.81,Books,109,131,240,80,25,80,25,25,65,8,29.78,0,3543.47,none,0,1,3.19,2,2024-10-03,CO,social_media,2026-07-19,app
CUST-00826,2021-11-24,2025-05-05,6,1230.37,205.06,Books,2,1,3,7,1,1,0,0,6,0,37.9,1,1678.37,none,0,0,4.29,1,2021-11-06,CA,social_media,2026-08-19,push
CUST-00827,2021-06-12,2026-05-20,39,9592.48,245.96,Toys,97,43,140,137,28,8,8,8,41,2,31.55,1,10681.33,none,0,2,0.0,0,2021-06-07,NJ,organic,2026-07-02,push
CUST-00828,2022-12-05,2025-04-20,5,947.94,189.59,Books,1,0,1,15,5,3,0,0,5,0,5.37,1,1001.26,none,0,0,0.0,0,2022-11-07,CO,social_media,2026-08-30,app
CUST-00829,2024-02-15,2026-08-31,96,3800.08,39.58,Books,425,90,515,152,54,100,40,44,100,4,21.27,1,5635.19,inactive,9,13,5.0,21,2024-02-01,TX,direct,2026-07-07,
CUST-00830,2024-07-22,2026-08-17,3,613.44,204.48,Sports,32,23,55,3,0,4,0,0,6,3,33.47,0,797.35,none,0,0,5.0,0,2024-06-23,MA,google_ads,2026-08-18,push
CUST-00831,2026-08-14,2026-08-29,2,200.98,100.49,Beauty,4,8,12,7,0,3,0,0,8,6,33.91,2,278.09,none,0,0,3.79,0,2026-07-31,FL,email,2026-08-02,app
CUST-00832,2026-01-02,2026-08-18,8,337.75,42.22,Sports,63,65,128,11,6,6,2,2,22,14,47.11,3,478.1,active,20,0,4.16,1,2025-12-14,IL,email,2026-06-25,app
CUST-00833,2022-10-02,2026-08-18,88,3752.58,42.64,Books,311,57,368,118,64,100,43,41,106,18,43.11,0,5590.97,none,0,9,4.73,10,2022-09-17,WA,google_ads,2026-06-08,email
CUST-00834,2024-07-15,2025-08-04,0,0.0,0.0,Toys,0,0,0,0,0,0,0,0,1,1,27.23,0,0.0,none,0,0,4.11,0,2024-07-01,MA,organic,2026-07-21,email
CUST-00835,2021-06-24,2026-08-18,51,13348.64,261.74,Fashion,253,246,499,132,20,81,9,7,55,4,24.38,0,19140.01,inactive,47,5,3.85,0,2021-06-20,AZ,social_media,2026-08-25,
CUST-00836,2024-04-12,2026-08-15,11,3459.55,314.5,Beauty,61,3,64,40,11,14,5,5,12,1,19.33,0,4908.25,none,0,0,4.99,2,2024-04-08,GA,email,2026-08-12,app
CUST-00837,2025-03-29,2026-08-16,19,1464.98,77.1,Fashion,59,10,69,35,12,4,8,9,21,2,11.07,1,2090.09,none,0,0,2.77,3,2025-03-06,PA,organic,2026-08-14,push
CUST-00838,2023-12-17,2026-08-27,84,1634.22,19.45,Home & Garden,161,193,354,200,36,73,38,43,84,0,32.71,0,2020.53,inactive,24,10,4.88,18,2023-11-18,NC,organic,2026-07-03,email
CUST-00839,2024-06-25,2026-08-17,11,620.17,56.38,Sports,81,22,103,33,18,9,2,1,11,0,26.02,4,872.97,none,0,1,4.19,3,2024-06-02,NJ,referral,2026-08-14,app
CUST-00840,2024-11-02,2026-08-31,21,6219.08,296.15,Sports,109,39,148,52,23,19,3,3,24,3,14.54,0,7584.17,none,0,2,4.02,2,2024-10-23,MA,social_media,2026-08-31,push
CUST-00841,2024-11-03,2026-08-22,4,559.99,140.0,Toys,15,31,46,10,2,0,1,1,8,4,17.51,0,728.49,none,0,0,4.03,0,2024-10-26,WA,email,2026-06-07,sms
CUST-00842,2022-05-26,2025-07-19,8,751.08,93.88,Electronics,1,1,2,14,1,5,0,0,8,0,3.09,0,851.11,none,0,0,0.0,0,2022-05-24,NJ,google_ads,2026-07-21,push
CUST-00843,2025-04-17,2026-08-13,84,3627.41,43.18,Sports,217,16,233,141,76,100,36,32,91,7,24.29,1,4010.27,none,0,9,0.0,0,2025-03-27,CO,organic,2026-06-09,app
CUST-00844,2026-07-13,2026-08-19,2,478.71,239.35,Fashion,9,5,14,3,1,3,0,0,5,3,40.42,0,609.85,none,0,0,3.43,0,2026-07-10,AZ,organic,2026-06-13,email
CUST-00845,2025-06-10,2026-08-08,14,478.07,34.15,Home & Garden,106,38,144,39,13,9,3,3,38,24,10.69,0,535.23,none,0,1,0.0,0,2025-05-16,NJ,google_ads,2026-06-25,app
CUST-00846,2024-10-23,2026-08-27,87,3363.85,38.66,Fashion,393,171,564,164,54,100,50,50,93,6,1.96,0,4522.69,active,50,12,0.0,0,2024-10-10,MA,direct,2026-08-28,email
CUST-00847,2026-08-18,2026-08-24,1,367.61,367.61,Electronics,6,2,8,1,0,0,0,0,12,11,44.07,2,524.57,none,0,0,3.94,0,2026-08-14,PA,referral,2026-06-12,app
CUST-00848,2025-03-12,2026-08-27,11,351.57,31.96,Beauty,127,63,190,17,3,5,2,2,88,50,32.61,0,423.63,none,0,1,4.19,1,2025-02-25,NJ,organic,2026-08-21,push
CUST-00849,2025-02-24,2025-10-04,6,435.89,72.65,Electronics,2,0,2,10,3,5,0,0,6,0,3.55,0,439.77,none,0,0,0.0,0,2025-02-17,GA,google_ads,2026-08-31,sms
CUST-00850,2025-04-13,2025-06-05,5,1123.85,224.77,Sports,1,0,1,16,4,6,0,0,5,0,2.28,0,1570.0,none,0,0,3.47,0,2025-04-02,CO,social_media,2026-06-28,app
CUST-00851,2022-07-11,2026-05-13,25,9510.44,380.42,Sports,37,26,63,86,18,16,4,3,30,5,17.26,0,13601.67,none,0,2,4.26,3,2022-06-20,MA,social_media,2026-06-04,email
CUST-00852,2021-12-17,2026-03-06,35,11704.03,334.4,Food,64,10,74,50,11,27,6,6,36,1,46.8,1,17022.45,inactive,34,1,0.0,0,2021-12-09,NJ,google_ads,2026-08-01,app
CUST-00853,2023-02-16,2026-08-19,111,3685.86,33.21,Food,146,126,272,200,54,100,48,46,114,3,37.88,0,4172.74,none,0,9,5.0,2,2023-02-04,NJ,direct,2026-07-24,app
CUST-00854,2026-07-30,2026-08-30,1,528.09,528.09,Books,4,0,4,1,0,1,0,0,1,0,6.94,0,667.63,none,0,0,4.96,0,2026-07-22,WA,direct,2026-07-05,email
CUST-00855,2025-06-30,2026-08-06,30,7562.85,252.09,Electronics,67,54,121,33,7,24,6,6,32,2,26.15,0,8758.45,none,0,2,3.33,5,2025-06-30,NY,organic,2026-07-18,push
CUST-00856,2025-06-06,2026-08-15,6,542.45,90.41,Home & Garden,87,10,97,6,1,6,1,1,51,45,15.59,0,673.39,none,0,0,4.4,1,2025-05-22,MI,email,2026-08-02,push
CUST-00857,2026-07-30,2026-08-21,3,0.0,0.0,Sports,13,12,25,7,2,2,1,1,7,4,1.84,0,0.0,none,0,0,4.27,0,2026-07-21,OH,google_ads,2026-07-17,email
CUST-00858,2021-05-14,2026-03-31,43,10283.42,239.15,Food,37,22,59,85,23,3,8,7,48,5,17.61,0,12241.07,active,59,5,4.76,6,2021-05-14,MA,google_ads,2026-06-26,sms
CUST-00859,2025-05-19,2026-08-19,9,502.81,55.87,Beauty,123,4,127,13,6,12,2,2,31,22,10.94,2,516.13,none,0,0,4.75,2,2025-05-16,GA,social_media,2026-08-07,email
CUST-00860,2023-07-19,2026-03-31,47,10624.97,226.06,Books,69,24,93,158,23,19,7,6,47,0,43.35,1,11073.73,none,0,4,0.0,0,2023-07-04,CA,direct,2026-08-17,push
CUST-00861,2023-10-08,2025-11-09,0,0.0,0.0,Fashion,0,0,0,0,0,0,0,0,0,0,16.72,0,0.0,none,0,0,4.16,0,2023-09-12,CO,email,2026-08-26,app
CUST-00862,2025-01-11,2026-08-19,61,4394.21,72.04,Books,285,69,354,155,51,100,41,37,63,2,21.45,3,4779.38,active,52,8,5.0,10,2024-12-25,IL,google_ads,2026-07-08,push
CUST-00863,2023-06-18,2026-07-09,15,1849.27,123.28,Beauty,48,12,60,34,18,2,9,10,15,0,44.53,0,2024.5,active,5,0,0.0,0,2023-06-03,NJ,referral,2026-06-28,app
CUST-00864,2025-07-19,2026-08-25,23,5030.41,218.71,Books,110,73,183,82,46,36,5,4,23,0,35.49,4,6883.51,active,30,2,3.28,4,2025-06-21,TX,email,2026-06-18,sms
CUST-00865,2025-08-27,2026-08-21,36,4219.44,117.21,Toys,245,65,310,40,4,20,8,8,43,7,35.86,0,4441.14,none,0,0,0.0,0,2025-08-08,NY,email,2026-08-27,push
CUST-00866,2022-11-24,2026-08-30,82,4249.22,51.82,Books,251,244,495,200,100,100,35,29,87,5,12.96,1,4556.49,none,0,1,0.0,0,2022-11-07,FL,google_ads,2026-08-11,push
CUST-00867,2023-02-12,2026-05-28,37,11125.96,300.7,Books,76,8,84,47,25,2,10,10,38,1,7.07,1,14258.54,none,0,2,0.0,0,2023-01-21,NC,organic,2026-07-08,email
CUST-00868,2023-08-03,2026-08-30,68,12304.57,180.95,Sports,404,284,688,74,35,4,9,7,85,17,15.68,0,14942.37,none,0,4,4.59,1,2023-07-30,IL,referral,2026-07-23,push
CUST-00869,2024-12-13,2026-08-06,15,2626.39,175.09,Sports,39,33,72,45,7,28,9,9,19,4,11.14,1,3700.89,none,0,1,0.0,0,2024-11-16,NJ,email,2026-06-13,sms
CUST-00870,2024-03-17,2026-08-30,99,3496.88,35.32,Beauty,143,294,437,200,83,100,39,46,101,2,16.98,0,4997.37,none,0,0,0.0,0,2024-02-23,OH,google_ads,2026-07-16,email
CUST-00871,2026-08-01,2026-08-19,2,309.37,154.68,Electronics,6,0,6,7,3,0,0,0,27,25,13.87,1,406.42,active,53,0,4.53,0,2026-07-10,MA,organic,2026-08-24,email
CUST-00872,2024-04-26,2026-07-11,21,2417.25,115.11,Sports,118,24,142,25,14,36,13,13,27,6,9.72,0,2984.79,none,0,0,4.18,4,2024-04-03,NJ,direct,2026-08-12,app
CUST-00873,2022-09-10,2026-05-07,33,10804.4,327.41,Books,55,11,66,105,48,14,5,5,35,2,9.05,0,14141.84,active,3,3,4.27,3,2022-08-14,MI,social_media,2026-06-10,email
CUST-00874,2024-07-13,2026-08-22,6,389.44,64.91,Food,49,34,83,18,3,11,1,0,6,0,39.16,0,416.91,none,0,0,5.0,1,2024-07-11,OH,email,2026-08-07,app
CUST-00875,2026-07-23,2026-08-13,1,138.46,138.46,Sports,1,0,1,1,0,1,0,0,7,6,19.17,0,172.5,none,0,0,4.62,0,2026-07-22,AZ,email,2026-07-29,sms
CUST-00876,2023-04-07,2026-08-28,94,2677.74,28.49,Fashion,357,199,556,200,100,47,50,50,96,2,49.11,1,3711.38,inactive,58,10,4.32,1,2023-03-09,MA,social_media,2026-08-05,email
CUST-00877,2024-09-17,2026-03-05,1,249.61,249.61,Sports,0,0,0,1,0,0,0,0,1,0,18.27,0,369.42,none,0,0,4.44,0,2024-08-26,NC,organic,2026-06-17,email
CUST-00878,2024-11-25,2026-08-16,23,3514.6,152.81,Fashion,42,79,121,83,42,21,5,4,24,1,41.15,1,4880.65,none,0,2,3.53,3,2024-11-07,FL,direct,2026-08-16,app
CUST-00879,2022-04-24,2026-08-22,39,15326.35,392.98,Fashion,387,40,427,126,62,11,7,6,48,9,32.11,0,16414.69,none,0,3,0.0,0,2022-04-02,CO,direct,2026-07-04,push
CUST-00880,2026-07-22,2026-08-21,1,280.5,280.5,Toys,6,0,6,1,0,1,0,0,4,3,44.14,0,324.28,none,0,0,4.23,0,2026-07-12,PA,social_media,2026-06-15,email
CUST-00881,2022-03-11,2025-10-15,2,328.18,164.09,Beauty,0,0,0,2,0,0,0,0,2,0,27.62,2,490.52,none,0,0,3.83,0,2022-02-24,FL,social_media,2026-07-22,sms
CUST-00882,2023-02-13,2026-08-17,70,2126.38,30.38,Books,322,107,429,200,60,32,34,36,73,3,32.95,1,2150.11,active,32,2,5.0,11,2023-01-24,IL,organic,2026-08-02,app
CUST-00883,2026-08-24,2026-08-24,2,324.92,162.46,Electronics,14,1,15,3,0,2,0,0,17,15,27.88,0,380.81,inactive,27,0,4.62,0,2026-08-19,NY,referral,2026-07-22,push
CUST-00884,2024-01-19,2025-06-08,8,981.71,122.71,Toys,2,2,4,12,5,1,0,0,8,0,42.23,0,1237.04,inactive,44,0,4.06,2,2023-12-27,NY,google_ads,2026-07-27,email
CUST-00885,2024-03-03,2026-08-15,20,1848.81,92.44,Electronics,33,38,71,37,21,34,15,17,22,2,45.04,0,2526.21,none,0,0,4.27,4,2024-02-23,IL,social_media,2026-08-03,sms
CUST-00886,2024-09-02,2026-08-19,11,3924.79,356.8,Sports,24,43,67,30,15,19,2,2,17,6,35.63,0,5718.55,none,0,0,4.8,2,2024-08-25,PA,direct,2026-06-28,push
CUST-00887,2024-12-26,2026-08-24,97,2767.21,28.53,Home & Garden,196,36,232,200,56,42,50,41,109,12,14.72,2,3455.72,none,0,3,0.0,0,2024-11-30,MI,referral,2026-06-08,app
CUST-00888,2025-11-23,2026-08-14,11,518.95,47.18,Electronics,75,25,100,11,2,9,2,1,29,18,44.73,2,679.3,active,44,0,4.63,3,2025-11-19,FL,social_media,2026-07-18,email
CUST-00889,2022-09-06,2026-08-15,97,2382.2,24.56,Books,140,143,283,200,34,100,50,50,98,1,15.75,0,2553.1,none,0,1,0.0,0,2022-08-21,GA,email,2026-06-06,email
CUST-00890,2022-09-19,2026-08-21,44,15557.79,353.59,Electronics,161,169,330,125,62,77,6,5,53,9,36.46,0,19483.35,none,0,6,3.64,2,2022-09-10,GA,referral,2026-08-04,app
CUST-00891,2025-03-12,2025-07-08,7,1029.63,147.09,Electronics,1,1,2,12,3,3,0,0,7,0,19.05,1,1119.83,none,0,0,0.0,0,2025-02-16,GA,organic,2026-08-05,
CUST-00892,2023-02-20,2026-08-09,20,1180.69,59.03,Toys,29,70,99,56,18,17,14,11,35,15,31.28,0,1512.81,active,2,1,3.45,3,2023-02-03,MI,direct,2026-06-20,email
CUST-00893,2026-08-14,2026-08-23,2,107.32,53.66,Sports,12,8,20,7,3,0,0,0,7,5,40.73,0,128.65,none,0,0,0.0,0,2026-08-09,NJ,referral,2026-07-14,push
CUST-00894,2024-06-23,2026-08-19,13,316.8,24.37,Beauty,85,13,98,45,19,0,4,4,26,13,21.24,0,414.96,none,0,1,0.0,0,2024-06-04,GA,direct,2026-07-27,app
CUST-00895,2026-07-22,2026-08-26,1,297.37,297.37,Toys,6,0,6,3,1,0,0,0,2,1,37.92,0,370.15,active,58,0,0.0,0,2026-07-02,IL,organic,2026-07-05,sms
CUST-00896,2023-05-21,2026-07-04,6,2101.01,350.17,Sports,26,11,37,12,6,0,3,3,6,0,35.27,1,2795.22,active,11,0,0.0,0,2023-05-07,NC,organic,2026-06-14,email
CUST-00897,2021-10-03,2026-01-23,8,470.82,58.85,Electronics,2,2,4,16,8,0,0,0,8,0,38.74,1,682.99,none,0,0,3.32,1,2021-09-05,CO,organic,2026-07-16,email
CUST-00898,2021-07-29,2026-04-24,45,8359.16,185.76,Beauty,71,22,93,68,32,35,10,10,51,6,35.38,0,11863.99,none,0,3,3.08,4,2021-07-10,GA,referral,2026-07-19,email
CUST-00899,2025-11-20,2026-08-23,18,489.4,27.19,Food,117,159,276,33,10,3,4,3,30,12,37.55,0,579.43,active,50,2,0.0,0,2025-11-06,OH,social_media,2026-07-10,sms
CUST-00900,2022-04-16,2025-05-14,3,830.06,276.69,Toys,1,0,1,6,2,2,0,0,3,0,0.61,0,1238.42,none,0,0,0.0,0,2022-03-30,IL,google_ads,2026-08-09,app
CUST-00901,2022-10-17,2026-08-22,14,1174.77,83.91,Books,53,35,88,31,13,3,7,7,28,14,26.95,0,1719.25,none,0,0,4.71,1,2022-09-18,TX,,2026-07-03,app
CUST-00902,2026-07-20,2026-08-22,3,164.79,54.93,Home & Garden,16,5,21,7,3,2,0,0,11,8,42.36,1,190.36,none,0,0,3.87,0,2026-06-22,PA,google_ads,2026-07-25,sms
CUST-00903,2023-09-02,2026-08-13,48,2357.57,49.12,Home & Garden,90,28,118,162,73,76,34,28,49,1,13.0,2,2932.18,active,18,6,5.0,12,2023-08-25,WA,referral,2026-07-19,app
CUST-00904,2023-10-24,2026-04-24,43,8406.96,195.51,Books,32,59,91,87,27,31,9,8,45,2,37.91,1,9841.56,none,0,4,4.27,9,2023-09-26,NJ,social_media,2026-08-21,app
CUST-00905,2023-05-20,2026-04-22,39,9870.04,253.08,Toys,86,10,96,150,19,76,10,10,42,3,3.63,0,10372.25,active,33,1,4.1,5,2023-05-18,GA,,2026-08-21,app
CUST-00906,2024-05-14,2026-07-17,20,1526.68,76.33,Food,66,28,94,22,7,5,16,16,31,11,47.8,2,1603.35,none,0,2,3.93,5,2024-05-02,PA,email,2026-08-17,email
CUST-00907,2023-01-04,2026-08-01,9,3934.71,437.19,Beauty,20,8,28,27,7,1,4,3,24,15,18.95,0,4757.06,none,0,0,0.0,0,2022-12-23,MI,direct,2026-06-11,app
CUST-00908,2024-08-27,2026-08-09,19,8018.42,422.02,Home & Garden,100,68,168,74,24,29,5,5,21,2,30.39,3,11977.73,none,0,2,0.0,0,2024-08-26,GA,referral,2026-08-21,push
CUST-00909,2023-05-16,2026-07-27,17,3431.09,201.83,Food,95,56,151,36,11,23,12,11,20,3,17.4,0,4217.05,none,0,1,3.25,1,2023-05-12,MA,google_ads,2026-07-01,email
CUST-00910,2021-03-12,2025-11-25,5,0.0,0.0,Electronics,1,0,1,5,1,6,0,0,5,0,24.62,0,0.0,inactive,45,0,3.22,0,2021-03-06,CA,organic,2026-08-12,app
CUST-00911,2022-05-13,2026-08-31,40,20081.25,502.03,Books,398,228,626,72,38,31,4,4,77,37,48.72,0,27824.95,none,0,2,4.71,5,2022-04-14,FL,organic,2026-07-05,push
CUST-00912,2022-08-20,2026-05-06,41,11582.15,282.49,Fashion,56,37,93,60,32,38,8,6,41,0,46.02,0,15764.37,active,38,5,0.0,0,2022-07-27,CA,social_media,2026-06-22,sms
CUST-00913,2021-08-12,2026-08-29,38,14353.51,377.72,Toys,178,203,381,108,39,24,4,4,43,5,45.53,0,18026.53,none,0,4,4.6,6,2021-08-03,MA,social_media,2026-07-06,email
CUST-00914,2023-07-04,2026-01-02,3,935.49,311.83,Beauty,0,0,0,10,5,3,0,0,3,0,49.18,0,1145.52,none,0,0,,0,2023-06-20,CA,google_ads,2026-06-12,app
CUST-00915,2023-06-26,2026-08-19,48,15254.39,317.8,Fashion,263,127,390,87,14,90,5,4,51,3,43.32,0,16200.5,active,43,5,4.01,8,2023-06-07,PA,email,2026-07-06,sms
CUST-00916,2023-03-17,2026-08-02,10,3237.59,323.76,Home & Garden,19,35,54,21,9,11,6,6,13,3,6.31,0,4082.47,inactive,56,0,4.93,0,2023-02-21,GA,direct,2026-08-11,email
CUST-00917,2022-03-29,2026-08-20,49,10748.93,219.37,Fashion,231,13,244,176,32,91,7,6,62,13,43.84,0,12938.18,none,0,6,3.77,3,2022-03-28,MI,organic,2026-06-14,email
CUST-00918,2024-01-03,2026-07-24,12,778.77,64.9,Electronics,18,3,21,16,8,15,5,4,13,1,28.9,0,966.11,none,0,0,3.18,3,2023-12-20,CA,organic,2026-07-06,app
CUST-00919,2024-12-25,2026-08-06,18,3356.94,186.5,Fashion,76,22,98,59,31,13,12,10,21,3,18.04,0,4858.3,active,38,2,3.87,4,2024-11-28,CA,google_ads,2026-08-09,sms
CUST-00920,2024-02-10,2026-08-14,11,550.97,50.09,Fashion,114,35,149,24,6,21,3,2,21,10,2.5,0,673.82,none,0,1,4.49,0,2024-01-31,CA,organic,2026-08-02,email
CUST-00921,2021-03-22,2025-10-16,6,1123.43,187.24,Fashion,1,1,2,22,12,6,0,0,6,0,20.42,0,1357.01,none,0,0,4.41,1,2021-02-22,MA,direct,2026-08-06,app
CUST-00922,2023-03-15,2026-08-22,55,15992.35,290.77,Electronics,180,247,427,172,34,93,7,7,61,6,36.58,0,18768.14,none,0,0,4.08,10,2023-02-28,IL,referral,2026-07-10,app
CUST-00923,2022-10-15,2026-08-19,50,1402.03,28.04,Fashion,90,70,160,197,38,63,31,31,54,4,25.11,0,2033.02,none,0,1,4.02,5,2022-10-09,WA,,2026-06-07,email
CUST-00924,2025-01-25,2025-12-16,7,666.07,95.15,Food,3,1,4,26,12,1,0,0,9,2,16.65,0,925.63,none,0,0,4.01,0,2025-01-17,NC,email,2026-06-18,sms
CUST-00925,2024-07-20,2026-08-18,60,2189.4,36.49,Beauty,147,122,269,193,97,23,24,28,60,0,48.03,1,3187.86,none,0,1,3.84,14,2024-06-23,AZ,social_media,2026-07-26,sms
CUST-00926,2023-01-30,2026-08-17,16,1978.86,123.68,Home & Garden,22,30,52,27,6,7,11,11,16,0,26.33,1,2059.2,none,0,1,4.18,0,2023-01-28,NC,referral,2026-08-03,push
CUST-00927,2021-09-30,2026-05-26,32,10504.46,328.26,Electronics,55,29,84,79,20,34,7,5,32,0,2.66,2,14313.5,none,0,1,3.59,2,2021-09-18,FL,social_media,2026-06-28,app
CUST-00928,2026-07-25,2026-08-29,3,412.11,137.37,Fashion,9,5,14,6,3,4,1,0,23,20,32.67,3,531.65,none,0,0,3.32,0,2026-07-23,IL,email,2026-07-23,push
CUST-00929,2025-02-26,2026-08-03,15,1562.67,104.18,Food,80,32,112,51,13,6,9,9,16,1,34.02,0,2184.29,active,40,1,4.75,4,2025-01-31,PA,,2026-06-07,sms
CUST-00930,2023-11-20,2026-07-10,18,2532.2,140.68,Toys,105,61,166,35,10,3,10,11,20,2,31.03,1,3522.07,active,18,1,4.4,5,2023-11-12,GA,social_media,2026-07-12,app
CUST-00931,2024-09-12,2026-08-12,11,2599.6,236.33,Sports,37,4,41,20,6,16,5,5,18,7,32.7,1,2831.18,none,0,1,5.0,1,2024-09-06,PA,,2026-06-26,sms
CUST-00932,2021-09-17,2025-07-05,7,707.12,101.02,Beauty,2,0,2,9,5,5,0,0,8,1,43.64,0,900.06,inactive,28,0,3.31,0,2021-08-20,IL,email,2026-07-26,app
CUST-00933,2023-05-16,2026-05-24,25,11662.22,466.49,Home & Garden,47,14,61,57,11,47,7,7,31,6,33.27,0,16095.09,none,0,1,0.0,0,2023-04-23,CO,social_media,2026-07-21,sms
CUST-00934,2024-09-10,2026-08-14,28,6044.46,215.87,Home & Garden,78,63,141,31,17,45,7,7,34,6,49.84,0,8400.85,none,0,4,4.21,5,2024-08-29,CA,referral,2026-07-26,push
CUST-00935,2023-01-25,2025-07-29,0,0.0,0.0,Fashion,0,0,0,0,0,0,0,0,0,0,34.51,0,0.0,none,0,0,3.98,0,2023-01-22,CO,social_media,2026-06-22,app
CUST-00936,2021-07-21,2026-08-23,33,18078.02,547.82,Sports,255,3,258,129,27,43,4,3,39,6,25.84,1,24697.73,active,13,1,0.0,0,2021-06-29,FL,social_media,2026-06-13,app
CUST-00937,2021-11-09,2026-08-30,69,15864.81,229.92,Food,624,71,695,140,81,100,8,8,74,5,24.5,0,18080.57,none,0,8,4.4,5,2021-11-08,TX,social_media,2026-07-24,email
CUST-00938,2025-11-05,2026-08-21,17,7384.49,434.38,Books,37,42,79,37,18,1,3,2,18,1,18.94,1,8719.9,none,0,1,4.1,2,2025-10-30,NC,direct,2026-07-03,app
CUST-00939,2023-10-14,2026-05-18,31,8301.72,267.8,Toys,19,41,60,122,21,18,4,4,31,0,29.44,0,11271.5,none,0,3,4.29,6,2023-10-11,OH,email,2026-07-23,push
CUST-00940,2021-06-10,2025-04-21,2,528.23,264.12,Fashion,0,0,0,7,4,3,0,0,2,0,25.38,1,650.38,none,0,0,4.37,0,2021-06-06,CA,organic,2026-06-16,
CUST-00941,2026-07-12,2026-08-30,2,605.98,302.99,Food,8,4,12,4,2,1,0,0,7,5,22.35,1,820.48,none,0,0,0.0,0,2026-06-16,PA,google_ads,2026-08-28,app
CUST-00942,2026-08-27,2026-08-27,1,195.27,195.27,Books,5,1,6,1,0,1,0,0,12,11,14.25,0,273.87,none,0,0,4.35,0,2026-08-10,NJ,email,2026-06-13,app
CUST-00943,2025-04-15,2026-08-21,45,4908.97,109.09,Beauty,187,121,308,49,16,50,6,6,47,2,22.62,0,7344.31,active,33,3,0.0,0,2025-04-11,NJ,,2026-06-20,sms
CUST-00944,2024-10-29,2026-08-23,12,5838.8,486.57,Sports,53,12,65,15,7,12,2,1,12,0,29.02,0,6141.04,active,21,1,0.0,0,2024-10-11,MA,email,2026-06-19,push
CUST-00945,2025-04-22,2026-08-11,11,3781.03,343.73,Food,37,1,38,32,19,13,2,2,17,6,42.34,0,4979.76,inactive,25,0,0.0,0,2025-04-12,CO,organic,2026-07-27,sms
CUST-00946,2026-08-11,2026-08-18,3,465.8,155.27,Electronics,13,1,14,7,1,5,1,0,19,16,31.9,3,694.15,active,8,0,4.23,0,2026-07-13,OH,referral,2026-07-30,email
CUST-00947,2023-07-07,2025-12-20,7,690.36,98.62,Toys,3,0,3,11,4,12,0,0,7,0,12.72,0,896.35,inactive,37,0,0.0,0,2023-06-08,NJ,email,2026-08-20,email
CUST-00948,2022-07-07,2025-09-06,3,350.59,116.86,Sports,1,0,1,10,1,4,0,0,3,0,29.28,0,462.31,none,0,0,3.81,0,2022-06-17,NJ,organic,2026-07-10,email
CUST-00949,2025-10-31,2026-08-09,5,455.27,91.05,Sports,29,3,32,17,8,2,1,0,27,22,48.24,0,641.53,inactive,41,0,3.08,0,2025-10-03,AZ,referral,2026-08-26,email
CUST-00950,2021-07-23,2026-03-02,0,0.0,0.0,Sports,0,0,0,0,0,0,0,0,0,0,40.99,0,0.0,active,7,0,0.0,0,2021-06-28,MI,organic,2026-07-09,sms
CUST-00951,2024-05-03,2026-08-11,8,2079.38,259.92,Toys,46,12,58,29,12,1,6,6,9,1,14.48,0,2704.97,none,0,1,0.0,0,2024-04-20,WA,direct,2026-07-06,sms
CUST-00952,2023-03-10,2026-07-28,8,2323.78,290.47,Beauty,22,27,49,31,13,9,6,6,16,8,4.09,0,2722.81,none,0,0,4.74,0,2023-02-11,MA,email,2026-07-19,email
CUST-00953,2021-04-29,2026-03-14,25,11378.77,455.15,Toys,41,25,66,35,9,45,5,4,25,0,25.91,0,13281.38,none,0,0,0.0,0,2021-04-22,GA,social_media,2026-08-02,push
CUST-00954,2025-03-27,2026-08-23,76,2279.82,30.0,Books,227,165,392,191,75,100,48,50,83,7,47.45,0,2937.69,active,22,4,3.98,11,2025-03-01,CO,,2026-06-13,push
CUST-00955,2024-03-08,2026-08-05,12,1798.32,149.86,Toys,40,19,59,36,8,18,6,5,18,6,41.42,1,2447.23,none,0,0,0.0,0,2024-02-11,OH,email,2026-07-12,email
CUST-00956,2023-09-21,2026-08-30,81,16568.3,204.55,Books,515,139,654,141,14,64,12,13,81,0,46.2,0,19606.27,active,39,8,3.47,17,2023-09-19,MA,social_media,2026-07-26,sms
CUST-00957,2025-01-26,2026-08-03,10,2091.99,209.2,Books,43,21,64,11,2,7,5,4,12,2,39.63,0,2430.23,none,0,0,2.71,1,2025-01-16,PA,referral,2026-07-10,email
CUST-00958,2024-01-20,2025-12-04,7,901.17,128.74,Home & Garden,2,0,2,22,10,11,0,0,7,0,36.95,0,1170.42,none,0,0,0.0,0,2024-01-12,NJ,organic,2026-06-19,email
CUST-00959,2023-10-15,2026-08-23,48,12787.12,266.4,Fashion,388,264,652,79,44,22,7,6,49,1,2.64,0,13089.82,active,9,0,0.0,0,2023-10-09,GA,email,2026-08-15,sms
CUST-00960,2026-07-19,2026-08-16,1,203.12,203.12,Fashion,2,1,3,1,0,1,0,0,3,2,46.1,0,222.21,none,0,0,5.0,0,2026-06-25,PA,organic,2026-08-14,push
CUST-00961,2024-02-07,2026-08-24,7,379.93,54.28,Toys,69,26,95,8,4,13,1,0,38,31,4.04,0,565.84,none,0,0,0.0,0,2024-02-05,GA,email,2026-07-24,sms
CUST-00962,2023-07-06,2026-01-24,8,953.46,119.18,Electronics,1,1,2,19,10,4,0,0,8,0,47.7,0,1383.41,inactive,34,0,3.67,0,2023-06-27,MI,,2026-07-24,email
CUST-00963,2026-07-08,2026-08-14,1,223.47,223.47,Home & Garden,4,4,8,2,1,0,0,0,20,19,24.29,1,223.81,inactive,17,0,0.0,0,2026-06-09,,referral,2026-07-03,push
CUST-00964,2021-11-28,2026-03-31,43,11630.03,270.47,Books,83,6,89,61,10,79,10,10,45,2,14.64,0,14015.06,active,41,0,0.0,0,2021-11-26,OH,social_media,2026-07-04,app
CUST-00965,2025-07-20,2026-08-26,16,324.94,20.31,Home & Garden,200,64,264,21,7,12,4,3,28,12,36.36,1,430.37,active,24,0,4.25,0,2025-07-17,PA,direct,2026-07-06,app
CUST-00966,2023-11-18,2026-08-29,53,10455.32,197.27,Beauty,301,26,327,186,29,51,7,7,74,21,49.45,0,12511.04,none,0,2,4.43,15,2023-11-08,NY,google_ads,2026-08-12,app
CUST-00967,2025-06-21,2026-08-20,19,5470.12,287.9,Electronics,138,79,217,42,20,24,3,3,29,10,44.8,1,5893.12,none,0,1,4.62,2,2025-06-03,CO,google_ads,2026-08-27,app
CUST-00968,2026-08-15,2026-08-23,2,417.61,208.81,Home & Garden,14,4,18,6,0,1,0,0,15,13,11.82,0,564.3,none,0,0,4.47,0,2026-08-13,AZ,direct,2026-06-06,email
CUST-00969,2022-06-15,2025-12-23,10,729.08,72.91,Fashion,4,2,6,35,18,11,0,0,10,0,9.1,0,1074.62,active,58,1,4.75,0,2022-05-27,NJ,,2026-07-01,app
CUST-00970,2023-02-06,2026-08-24,58,13229.11,228.09,Home & Garden,292,307,599,101,32,74,10,10,62,4,43.35,0,13754.46,none,0,6,0.0,0,2023-01-29,CA,email,2026-07-01,push
CUST-00971,2024-03-17,2026-08-06,12,401.12,33.43,Beauty,56,18,74,14,5,1,7,6,52,40,14.99,1,411.78,none,0,0,3.7,2,2024-03-06,PA,google_ads,2026-07-14,email
CUST-00972,2022-06-29,2025-08-01,2,793.92,396.96,Food,0,0,0,3,1,2,0,0,3,1,23.66,1,1162.01,active,6,0,3.11,0,2022-06-05,FL,organic,2026-07-13,sms
CUST-00973,2023-04-24,2026-08-20,64,2780.81,43.45,Toys,202,152,354,101,59,55,49,46,68,4,22.52,1,3036.12,none,0,0,3.95,18,2023-04-10,NC,social_media,2026-08-20,app
CUST-00974,2026-07-29,2026-08-22,1,309.46,309.46,Electronics,3,1,4,3,1,1,0,0,4,3,15.89,0,454.6,inactive,28,0,3.69,0,2026-06-30,GA,direct,2026-06-28,push
CUST-00975,2022-12-08,2026-08-14,60,2690.41,44.84,Toys,196,113,309,200,71,66,33,28,61,1,12.35,1,3424.65,inactive,29,1,0.0,0,2022-11-26,NY,direct,2026-07-22,sms
CUST-00976,2023-10-26,2025-11-25,9,794.01,88.22,Books,1,0,1,14,2,0,0,0,9,0,16.28,0,885.57,none,0,0,3.5,1,2023-10-24,WA,organic,2026-08-09,push
CUST-00977,2023-01-18,2026-04-21,57,12311.37,215.99,Food,99,79,178,200,79,2,9,10,61,4,47.3,0,17628.74,none,0,5,4.4,16,2022-12-21,MA,google_ads,2026-06-11,email
CUST-00978,2023-08-02,2025-05-22,2,981.86,490.93,Fashion,0,0,0,6,2,1,0,0,3,1,31.01,1,1235.61,inactive,1,0,4.33,0,2023-07-25,AZ,email,2026-08-17,app
CUST-00979,2025-03-23,2026-08-16,9,134.18,14.91,Home & Garden,88,45,133,31,5,13,3,3,19,10,19.78,0,183.41,none,0,0,5.0,0,2025-03-01,MA,direct,2026-07-05,sms
CUST-00980,2022-08-12,2026-07-08,17,2128.49,125.21,Food,96,60,156,38,6,6,10,10,17,0,15.09,0,2132.84,none,0,0,4.19,1,2022-08-02,NY,referral,2026-07-16,app
CUST-00981,2023-08-02,2026-04-04,18,11712.61,650.7,Beauty,37,11,48,62,21,9,3,2,18,0,9.22,0,16915.65,none,0,1,3.74,0,2023-07-25,FL,google_ads,2026-06-22,app
CUST-00982,2023-06-07,2026-05-09,40,11642.12,291.05,Home & Garden,38,14,52,122,64,30,11,10,40,0,16.48,0,13779.28,none,0,1,4.28,4,2023-06-02,WA,social_media,2026-07-02,app
CUST-00983,2025-04-01,2025-12-03,8,532.25,66.53,Electronics,2,1,3,26,12,7,0,0,8,0,18.07,0,787.47,none,0,0,,1,2025-03-08,MI,organic,2026-06-13,email
CUST-00984,2025-02-07,2026-08-09,13,3442.79,264.83,Books,76,19,95,36,16,19,2,1,13,0,38.4,0,3673.36,active,46,1,3.78,2,2025-01-11,NY,email,2026-07-28,push
CUST-00985,2024-02-28,2026-08-16,9,350.77,38.97,Toys,90,25,115,27,13,7,3,2,36,27,41.43,0,403.16,none,0,1,4.76,0,2024-02-23,MI,,2026-07-16,sms
CUST-00986,2021-10-07,2026-04-27,22,8910.02,405.0,Toys,20,0,20,69,29,7,5,4,22,0,21.13,0,10082.78,none,0,2,4.33,2,2021-09-29,WA,direct,2026-07-19,push
CUST-00987,2026-07-20,2026-08-29,3,522.83,174.28,Sports,10,3,13,9,2,2,1,0,9,6,42.07,0,781.42,none,0,0,4.86,0,2026-06-22,GA,referral,2026-07-27,push
CUST-00988,2024-08-22,2026-08-24,103,3186.82,30.94,Fashion,503,271,774,139,37,52,48,48,107,4,11.36,1,4354.65,active,24,13,3.94,10,2024-08-09,WA,organic,2026-08-06,sms
CUST-00989,2021-08-13,2026-01-28,8,662.74,82.84,Beauty,2,0,2,14,3,12,0,0,8,0,1.83,1,845.77,none,0,0,4.34,1,2021-07-31,CA,direct,2026-06-11,app
CUST-00990,2024-07-17,2026-08-19,11,780.02,70.91,Toys,158,70,228,25,8,17,3,3,16,5,41.95,0,995.52,none,0,1,4.65,0,2024-06-20,NY,google_ads,2026-07-13,app
CUST-00991,2024-12-31,2026-08-18,78,3787.79,48.56,Books,138,83,221,139,56,53,40,35,80,2,9.78,3,4080.4,none,0,5,4.59,16,2024-12-16,TX,referral,2026-08-22,email
CUST-00992,2026-07-12,2026-08-31,1,365.51,365.51,Books,4,3,7,1,0,1,0,0,12,11,12.75,0,434.59,none,0,0,2.98,0,2026-07-01,IL,referral,2026-06-04,app
CUST-00993,2023-06-24,2026-08-24,75,2118.33,28.24,Sports,123,215,338,200,43,31,50,43,104,29,14.12,0,2850.15,none,0,11,5.0,18,2023-06-22,TX,social_media,2026-06-09,email
CUST-00994,2023-11-26,2026-05-27,32,10348.4,323.39,Fashion,18,28,46,115,35,17,7,7,33,1,0.38,0,14080.7,none,0,3,3.96,5,2023-11-02,NC,referral,2026-08-25,sms
CUST-00995,2024-07-13,2026-08-31,19,4357.37,229.34,Beauty,41,38,79,43,11,0,5,5,26,7,6.45,0,6371.18,none,0,1,5.0,1,2024-06-16,OH,social_media,2026-07-15,email
CUST-00996,2021-04-19,2026-01-14,8,891.54,111.44,Home & Garden,1,2,3,15,5,4,0,0,9,1,19.57,1,979.49,active,47,0,5.0,0,2021-04-14,MI,email,2026-07-26,sms
CUST-00997,2022-12-05,2026-05-24,34,10668.07,313.77,Toys,82,37,119,107,15,63,7,7,34,0,14.91,5,12950.17,none,0,1,4.39,7,2022-11-26,CA,organic,2026-08-06,
CUST-00998,2026-08-04,2026-08-31,3,305.2,101.73,Electronics,18,2,20,9,2,5,1,1,5,2,11.46,0,367.83,none,0,0,3.97,0,2026-07-19,GA,organic,2026-08-08,push
CUST-00999,2022-02-27,2026-08-22,62,16464.04,265.55,Home & Garden,182,105,287,198,99,43,7,7,74,12,25.18,0,23415.87,none,0,8,4.28,13,2022-02-11,,organic,2026-08-08,sms
CUST-01000,2025-03-20,2025-10-14,6,988.6,164.77,Beauty,2,0,2,9,3,2,0,0,6,0,43.5,0,1427.19,none,0,0,4.02,0,2025-03-06,FL,referral,2026-06-30,app
CUST-01001,2025-10-11,2026-08-19,11,475.24,43.2,Fashion,94,40,134,18,5,11,3,3,17,6,35.84,0,703.79,none,0,1,5.0,0,2025-10-05,WA,referral,2026-08-31,push
CUST-01002,2023-01-07,2026-08-22,104,2742.03,26.37,Toys,329,125,454,200,39,91,42,36,118,14,28.9,1,3409.04,none,0,8,0.0,0,2022-12-16,FL,social_media,2026-08-04,sms
CUST-01003,2026-02-13,2026-08-15,9,147.8,16.42,Fashion,71,64,135,13,5,9,2,2,21,12,23.87,1,207.09,none,0,0,3.65,0,2026-01-26,WA,google_ads,2026-07-01,email
CUST-01004,2026-07-31,2026-08-20,2,238.7,119.35,Books,8,3,11,3,0,1,0,0,2,0,33.0,0,290.05,active,25,0,4.01,0,2026-07-07,FL,,2026-06-27,email
CUST-01005,2024-10-02,2025-07-13,5,1278.39,255.68,Home & Garden,2,0,2,16,1,9,0,0,6,1,4.79,1,1755.89,none,0,0,5.0,1,2024-09-12,NC,social_media,2026-06-18,push
CUST-01006,2024-01-30,2026-07-25,17,804.26,47.31,Home & Garden,46,46,92,57,25,1,12,11,18,1,34.72,0,1171.34,inactive,33,2,4.52,4,2024-01-18,TX,google_ads,2026-06-06,sms
CUST-01007,2022-04-19,2025-11-03,7,1634.01,233.43,Toys,1,1,2,10,2,0,0,0,7,0,1.29,0,1992.24,none,0,0,2.83,1,2022-03-22,NJ,social_media,2026-08-22,app
CUST-01008,2022-10-23,2025-08-02,0,0.0,0.0,Food,0,0,0,0,0,0,0,0,0,0,2.62,0,0.0,none,0,0,0.0,0,2022-10-02,AZ,organic,2026-08-07,sms
CUST-01009,2021-04-24,2026-02-27,6,284.99,47.5,Fashion,1,0,1,7,2,7,0,0,6,0,1.53,0,304.8,active,48,0,0.0,0,2021-04-01,NY,google_ads,2026-07-23,sms
CUST-01010,2024-10-09,2026-08-27,8,273.17,34.15,Sports,111,42,153,17,9,0,3,3,50,42,12.53,1,383.74,none,0,0,0.0,0,2024-09-23,NC,referral,2026-06-11,sms
CUST-01011,2024-05-14,2026-02-02,10,620.61,62.06,Electronics,3,1,4,33,9,19,0,0,11,1,34.03,0,801.44,none,0,1,4.49,0,2024-05-04,NC,social_media,2026-06-07,
CUST-01012,2026-07-13,2026-08-14,1,147.04,147.04,Home & Garden,7,0,7,1,0,1,0,0,8,7,15.28,0,182.93,inactive,29,0,,0,2026-07-03,CO,organic,2026-08-24,
CUST-01013,2022-08-17,2026-08-26,82,3274.39,39.93,Food,142,146,288,200,58,100,50,45,94,12,28.18,0,3543.47,none,0,8,4.72,10,2022-07-21,WA,organic,2026-08-27,sms
CUST-01014,2023-09-23,2026-08-20,60,10963.12,182.72,Home & Garden,484,329,813,200,79,57,6,6,89,29,44.47,1,10988.16,none,0,3,4.77,1,2023-09-05,MI,social_media,2026-08-21,app
CUST-01015,2024-12-01,2026-01-07,8,1026.31,128.29,Beauty,1,0,1,20,2,6,0,0,8,0,15.12,0,1311.98,none,0,0,4.28,0,2024-11-19,NJ,referral,2026-08-16,
CUST-01016,2024-09-23,2026-08-19,21,4183.09,199.19,Beauty,96,83,179,77,25,19,4,4,43,22,32.47,0,5294.82,none,0,2,4.31,1,2024-08-26,NJ,,2026-07-04,push
CUST-01017,2025-03-19,2026-07-16,15,3929.15,261.94,Electronics,29,3,32,36,7,28,6,5,30,15,19.22,0,4524.21,none,0,0,4.6,1,2025-02-23,PA,social_media,2026-07-18,push
CUST-01018,2022-08-17,2026-08-18,48,2733.16,56.94,Toys,85,105,190,86,43,65,29,30,58,10,19.32,1,2950.32,none,0,5,4.37,11,2022-07-23,PA,organic,2026-08-24,email
CUST-01019,2026-07-06,2026-08-18,1,52.27,52.27,Electronics,6,3,9,2,1,1,0,0,3,2,22.62,1,72.61,none,0,0,3.85,0,2026-06-28,GA,social_media,2026-06-27,email
CUST-01020,2023-06-04,2025-07-09,4,914.27,228.57,Toys,1,0,1,9,4,5,0,0,4,0,6.06,0,1035.43,none,0,0,4.13,0,2023-05-30,WA,referral,2026-07-26,push
CUST-01021,2024-10-21,2026-08-08,2,1531.58,765.79,Sports,7,5,12,3,0,2,1,0,6,4,36.87,3,1559.95,none,0,0,0.0,0,2024-10-04,MI,referral,2026-06-12,email
CUST-01022,2021-11-02,2025-07-12,5,793.76,158.75,Toys,1,0,1,18,8,3,0,0,5,0,13.23,0,1138.95,active,19,0,3.97,0,2021-10-29,AZ,email,2026-06-06,push
CUST-01023,2025-12-17,2026-08-25,15,501.5,33.43,Toys,196,27,223,52,9,25,5,5,30,15,5.2,0,584.41,none,0,1,0.0,0,2025-11-24,WA,email,2026-07-20,sms
CUST-01024,2024-02-22,2025-08-28,4,1536.23,384.06,Home & Garden,1,1,2,10,5,6,0,0,4,0,27.14,0,1808.72,none,0,0,4.04,0,2024-02-07,GA,organic,2026-07-20,email
CUST-01025,2023-06-03,2026-07-06,16,1448.94,90.56,Food,46,5,51,42,10,21,9,8,16,0,49.63,0,1466.5,none,0,2,3.74,3,2023-05-31,MI,google_ads,2026-07-23,push
CUST-01026,2023-10-23,2026-08-14,17,2165.81,127.4,Books,49,52,101,18,1,9,14,16,21,4,27.66,0,2429.76,none,0,0,2.41,3,2023-10-10,IL,google_ads,2026-07-22,email
CUST-01027,2024-09-22,2026-08-10,18,4331.78,240.65,Books,133,57,190,62,8,10,2,1,47,29,5.26,0,4344.93,none,0,0,0.0,0,2024-09-10,WA,referral,2026-07-06,push
CUST-01028,2025-03-01,2026-07-25,22,2532.13,115.1,Food,36,71,107,61,13,18,13,14,27,5,0.99,0,3137.47,none,0,1,,5,2025-02-18,NJ,google_ads,2026-06-19,push
CUST-01029,2025-08-29,2026-08-04,31,5308.28,171.23,Electronics,116,97,213,49,5,18,5,5,46,15,26.69,0,5914.28,none,0,0,3.93,0,2025-08-04,PA,organic,2026-08-07,sms
CUST-01030,2022-08-12,2025-07-18,6,955.95,159.32,Food,2,1,3,20,7,2,0,0,7,1,10.41,0,1166.29,none,0,0,,1,2022-08-06,WA,organic,2026-08-01,app
CUST-01031,2023-07-26,2025-07-12,10,855.79,85.58,Electronics,1,0,1,21,5,5,0,0,10,0,44.37,0,883.72,none,0,0,4.63,1,2023-07-15,PA,direct,2026-06-30,sms
CUST-01032,2024-12-04,2026-08-19,12,656.65,54.72,Toys,85,54,139,33,11,13,2,1,16,4,4.3,0,854.45,active,11,0,4.27,2,2024-11-23,CA,google_ads,2026-06-17,sms
CUST-01033,2022-01-01,2026-08-27,51,15105.68,296.19,Fashion,124,179,303,186,67,89,9,7,53,2,32.89,0,17301.28,none,0,3,4.75,1,2021-12-21,AZ,direct,2026-07-01,push
CUST-01034,2022-12-31,2025-04-22,0,0.0,0.0,Fashion,0,0,0,0,0,0,0,0,0,0,37.78,0,0.0,active,57,0,2.58,0,2022-12-20,AZ,direct,2026-08-08,sms
CUST-01035,2024-03-10,2026-08-18,93,2318.91,24.93,Electronics,199,95,294,200,100,2,50,44,94,1,1.08,1,3421.08,inactive,21,2,4.34,0,2024-03-01,WA,direct,2026-08-02,push
CUST-01036,2026-08-20,2026-08-20,3,513.58,171.19,Food,8,6,14,4,1,5,1,1,4,1,45.04,0,521.74,none,0,0,0.0,0,2026-08-11,MA,social_media,2026-06-11,app
CUST-01037,2023-06-14,2026-04-28,60,11754.91,195.92,Beauty,36,67,103,60,15,60,12,11,64,4,46.74,2,14825.48,none,0,8,3.88,8,2023-05-21,AZ,direct,2026-06-06,email
CUST-01038,2026-07-18,2026-08-14,1,110.32,110.32,Books,3,3,6,1,0,1,0,0,2,1,10.98,2,118.8,active,32,0,4.63,0,2026-06-21,MA,organic,2026-07-17,app
CUST-01039,2022-07-18,2025-07-02,4,471.91,117.98,Toys,1,0,1,5,2,6,0,0,5,1,1.26,0,533.28,active,24,0,5.0,1,2022-07-18,AZ,referral,2026-06-06,app
CUST-01040,2023-02-01,2026-08-15,75,2336.74,31.16,Electronics,347,219,566,126,24,100,42,34,77,2,40.34,1,2914.71,none,0,6,0.0,0,2023-01-06,NY,organic,2026-08-31,push
CUST-01041,2024-08-16,2026-08-16,73,3454.29,47.32,Electronics,257,15,272,96,40,100,38,37,87,14,47.28,0,4853.26,none,0,10,5.0,16,2024-07-25,TX,email,2026-08-08,app
CUST-01042,2025-07-14,2026-08-14,25,4837.85,193.51,Food,79,82,161,27,13,39,6,5,69,44,37.82,1,4992.68,none,0,0,4.8,2,2025-07-09,NC,social_media,2026-06-22,app
CUST-01043,2026-07-23,2026-08-27,2,402.0,201.0,Home & Garden,7,1,8,6,0,0,0,0,27,25,41.8,0,459.42,none,0,0,5.0,0,2026-07-15,MA,direct,2026-08-30,sms
CUST-01044,2026-08-27,2026-08-27,1,0.0,0.0,Electronics,5,2,7,1,0,0,0,0,4,3,47.3,1,0.0,none,0,0,0.0,0,2026-07-29,WA,organic,2026-07-16,
CUST-01045,2021-04-06,2025-05-01,6,365.89,60.98,Food,2,1,3,8,3,11,0,0,6,0,12.99,0,459.82,active,14,0,5.0,0,2021-04-02,MI,direct,2026-07-18,email
CUST-01046,2025-07-29,2026-08-09,24,8206.62,341.94,Electronics,100,84,184,75,30,44,5,5,27,3,41.92,0,9393.57,none,0,0,0.0,0,2025-07-17,PA,direct,2026-07-26,app
CUST-01047,2026-08-01,2026-08-19,2,325.41,162.7,Food,10,6,16,3,1,1,0,0,5,3,11.5,1,455.17,none,0,0,0.0,0,2026-07-09,GA,referral,2026-08-31,app
CUST-01048,2021-09-13,2025-05-31,8,575.51,71.94,Fashion,1,0,1,28,8,4,0,0,8,0,24.19,1,821.09,active,20,0,5.0,0,2021-08-30,PA,email,2026-07-11,app
CUST-01049,2023-07-14,2026-08-15,92,3799.68,41.3,Home & Garden,348,195,543,191,40,100,50,50,92,0,20.7,1,4536.01,none,0,2,4.27,24,2023-07-09,NY,direct,2026-07-31,app
CUST-01050,2024-04-08,2026-08-06,18,2911.97,161.78,Beauty,26,22,48,51,15,0,11,10,26,8,13.98,0,3284.61,none,0,1,4.94,1,2024-03-30,WA,direct,2026-08-18,app
CUST-01051,2024-06-28,2026-07-18,17,2700.78,158.87,Food,77,58,135,35,6,6,7,7,32,15,35.65,4,3929.0,none,0,1,4.35,2,2024-06-17,CA,organic,2026-08-31,push
CUST-01052,2026-07-18,2026-08-13,1,125.16,125.16,Electronics,6,0,6,3,0,0,0,0,1,0,34.64,0,183.66,none,0,0,3.89,0,2026-07-17,GA,email,2026-08-08,app
CUST-01053,2024-10-02,2026-08-11,9,493.24,54.8,Electronics,50,11,61,17,3,1,2,1,33,24,3.13,1,587.65,none,0,0,3.88,0,2024-09-21,,social_media,2026-06-28,sms
CUST-01054,2025-04-01,2026-08-22,11,523.59,47.6,Fashion,35,4,39,33,14,7,4,3,18,7,36.57,1,749.03,active,11,1,5.0,0,2025-04-01,CA,email,2026-08-13,app
CUST-01055,2026-07-30,2026-08-23,2,566.14,283.07,Food,14,6,20,5,1,0,0,0,2,0,39.86,0,657.84,none,0,0,4.07,0,2026-07-18,OH,direct,2026-06-23,email
CUST-01056,2026-08-10,2026-08-15,1,389.62,389.62,Toys,2,1,3,1,0,0,0,0,48,47,5.04,1,412.77,none,0,0,4.21,0,2026-07-15,PA,direct,2026-07-04,app
CUST-01057,2026-08-01,2026-08-19,1,311.32,311.32,Fashion,3,0,3,1,0,1,0,0,12,11,46.03,0,432.65,none,0,0,3.97,0,2026-07-12,WA,,2026-06-08,email
CUST-01058,2021-10-13,2025-12-30,4,1033.61,258.4,Books,1,0,1,6,1,6,0,0,4,0,9.69,0,1263.08,none,0,0,3.83,0,2021-09-22,CA,social_media,2026-07-17,app
CUST-01059,2024-03-08,2026-08-16,14,2759.27,197.09,Toys,50,45,95,53,9,23,9,8,23,9,4.66,2,3684.81,none,0,2,3.79,3,2024-02-09,MI,email,2026-08-25,sms
CUST-01060,2024-06-02,2025-11-10,4,811.35,202.84,Home & Garden,0,0,0,9,4,6,0,0,4,0,48.89,0,916.67,active,17,0,3.17,0,2024-05-05,MI,google_ads,2026-08-03,push
CUST-01061,2024-10-25,2026-08-03,20,3674.63,183.73,Home & Garden,63,17,80,61,22,24,5,5,20,0,40.13,0,4394.33,none,0,1,0.0,0,2024-10-03,IL,organic,2026-07-20,sms
CUST-01062,2025-01-31,2026-08-15,7,476.19,68.03,Toys,55,19,74,23,2,2,1,1,19,12,6.95,0,516.15,active,48,0,4.57,0,2025-01-02,FL,social_media,2026-07-31,sms
CUST-01063,2024-12-24,2026-07-30,5,3055.31,611.06,Fashion,7,6,13,14,5,0,4,4,6,1,44.76,0,4485.09,active,47,0,4.51,1,2024-11-28,NC,google_ads,2026-08-13,push
CUST-01064,2026-07-24,2026-08-16,3,250.98,83.66,Sports,11,4,15,4,2,1,1,1,3,0,41.44,0,333.55,none,0,0,0.0,0,2026-07-07,CA,email,2026-06-04,sms
CUST-01065,2023-09-07,2026-04-30,45,9566.18,212.58,Home & Garden,82,23,105,91,42,27,8,8,49,4,24.88,0,12895.58,none,0,2,4.37,11,2023-09-03,CA,organic,2026-07-08,sms
CUST-01066,2024-02-26,2026-07-09,9,1743.08,193.68,Toys,32,29,61,32,3,9,4,4,11,2,38.28,2,2593.77,none,0,0,0.0,0,2024-02-17,MI,direct,2026-08-15,email
CUST-01067,2025-01-22,2026-08-10,14,400.62,28.62,Books,131,118,249,17,6,21,4,3,67,50,14.91,0,497.9,none,0,1,3.45,1,2024-12-27,AZ,referral,2026-08-16,app
CUST-01068,2024-06-15,2026-07-04,16,2515.74,157.23,Beauty,49,48,97,36,8,31,13,13,20,4,0.34,3,3529.96,active,11,1,0.0,0,2024-05-20,NJ,social_media,2026-08-27,sms
CUST-01069,2024-01-24,2026-01-12,3,880.06,293.35,Beauty,0,0,0,5,1,1,0,0,3,0,21.65,0,1271.95,none,0,0,0.0,0,2024-01-19,CO,direct,2026-06-24,email
CUST-01070,2024-09-05,2026-08-14,8,661.49,82.69,Sports,41,57,98,17,7,13,3,2,8,0,27.42,0,816.64,active,30,0,4.15,2,2024-08-13,MI,referral,2026-08-31,app
CUST-01071,2025-05-21,2026-08-10,10,506.21,50.62,Food,94,15,109,22,6,19,3,3,42,32,36.77,2,520.02,none,0,1,4.19,0,2025-05-03,AZ,organic,2026-06-16,push
CUST-01072,2023-05-26,2026-08-17,111,1926.48,17.36,Electronics,371,15,386,200,87,81,50,50,111,0,28.17,2,2806.87,none,0,6,0.0,0,2023-05-07,PA,email,2026-08-19,push
CUST-01073,2023-04-11,2026-08-13,92,3490.5,37.94,Food,310,9,319,200,100,100,50,50,96,4,22.93,1,3881.75,active,45,13,5.0,13,2023-03-13,PA,social_media,2026-07-07,sms
CUST-01074,2021-07-10,2026-04-07,25,7603.8,304.15,Fashion,41,26,67,29,3,18,6,5,26,1,49.04,0,10827.59,none,0,3,3.14,3,2021-07-03,TX,organic,2026-06-17,app
CUST-01075,2025-06-04,2026-08-22,17,2510.2,147.66,Fashion,114,16,130,19,9,13,4,4,24,7,12.77,0,2827.3,none,0,2,0.0,0,2025-05-26,NY,referral,2026-07-14,app
CUST-01076,2023-11-12,2026-04-18,23,10626.29,462.01,Electronics,52,5,57,45,22,37,5,4,23,0,48.15,0,10858.76,active,46,0,3.6,5,2023-10-24,PA,google_ads,2026-06-25,push
CUST-01077,2024-02-14,2026-08-22,8,551.03,68.88,Fashion,61,22,83,28,10,1,2,2,16,8,16.89,0,814.62,none,0,0,4.11,1,2024-01-17,MA,email,2026-06-25,email
CUST-01078,2026-08-20,2026-08-20,2,302.3,151.15,Sports,6,7,13,4,1,2,0,0,4,2,30.25,1,427.25,none,0,0,4.11,0,2026-08-18,PA,referral,2026-07-08,push
CUST-01079,2026-08-07,2026-08-20,1,121.56,121.56,Electronics,4,4,8,3,1,0,0,0,3,2,3.12,0,146.52,none,0,0,4.01,0,2026-07-22,NJ,google_ads,2026-06-18,push
CUST-01080,2024-09-03,2026-07-17,13,1684.04,129.54,Home & Garden,52,18,70,32,5,16,9,8,16,3,44.72,1,1875.13,none,0,0,4.3,3,2024-08-28,FL,direct,2026-06-12,sms
CUST-01081,2023-05-27,2026-08-04,19,1361.37,71.65,Electronics,52,21,73,23,7,34,12,13,29,10,49.21,2,1842.26,none,0,2,5.0,4,2023-04-28,FL,google_ads,2026-07-20,push
CUST-01082,2024-03-20,2025-09-01,9,1425.16,158.35,Food,1,2,3,34,17,13,0,0,9,0,3.84,0,2090.88,none,0,0,3.79,1,2024-02-21,MI,google_ads,2026-08-22,app
CUST-01083,2022-12-17,2025-12-18,4,1447.76,361.94,Books,1,0,1,8,2,4,0,0,4,0,4.95,2,1836.21,active,38,0,0.0,0,2022-12-16,PA,social_media,2026-08-02,app
CUST-01084,2023-10-22,2026-08-29,34,13854.66,407.49,Food,257,1,258,75,9,45,6,6,36,2,17.76,3,15406.74,none,0,2,4.36,8,2023-09-24,MI,referral,2026-08-05,app
CUST-01085,2023-08-12,2026-04-25,45,11717.14,260.38,Electronics,35,49,84,134,56,43,7,8,49,4,24.34,0,16547.37,none,0,2,4.66,7,2023-07-24,FL,email,2026-07-05,email
CUST-01086,2022-11-01,2026-07-28,19,2929.52,154.19,Home & Garden,50,26,76,36,16,18,8,7,26,7,15.05,2,3973.4,inactive,31,1,0.0,0,2022-10-27,OH,referral,2026-06-17,email
CUST-01087,2022-11-15,2026-07-16,20,649.13,32.46,Fashion,96,21,117,62,14,31,16,17,21,1,34.71,0,969.16,none,0,2,4.67,2,2022-10-19,MI,email,2026-06-28,
CUST-01088,2023-01-13,2026-08-14,20,2237.17,111.86,Beauty,101,44,145,69,24,3,14,14,25,5,40.07,1,2721.11,none,0,2,0.0,0,2022-12-25,MA,email,2026-08-31,app
CUST-01089,2025-05-30,2026-08-23,6,124.48,20.75,Electronics,46,17,63,20,10,2,1,1,7,1,16.29,0,136.13,active,26,0,4.62,0,2025-05-20,AZ,social_media,2026-06-10,email
CUST-01090,2022-11-29,2025-10-16,2,263.13,131.57,Food,0,0,0,4,1,2,0,0,2,0,31.89,0,325.36,none,0,0,,0,2022-10-31,MA,social_media,2026-07-06,email
CUST-01091,2026-07-20,2026-08-20,3,578.5,192.83,Toys,20,11,31,7,2,3,1,0,5,2,11.64,0,605.57,none,0,0,4.05,0,2026-07-08,NY,organic,2026-08-05,sms
CUST-01092,2022-12-19,2026-08-29,71,15813.82,222.73,Electronics,499,93,592,200,83,100,11,10,73,2,32.87,0,22364.83,inactive,31,6,4.77,14,2022-12-05,NJ,organic,2026-08-27,email
CUST-01093,2025-05-06,2026-08-11,15,8639.07,575.94,Fashion,57,30,87,58,9,22,2,1,17,2,17.44,0,9808.57,none,0,0,4.77,0,2025-04-14,AZ,google_ads,2026-06-25,email
CUST-01094,2024-10-31,2026-08-26,13,5815.28,447.33,Electronics,32,2,34,21,12,21,2,1,30,17,29.57,2,7245.37,inactive,43,1,3.32,0,2024-10-18,GA,organic,2026-06-28,email
CUST-01095,2024-08-27,2026-08-17,8,5236.28,654.53,Food,45,23,68,22,6,13,1,1,10,2,7.39,0,6897.64,none,0,0,4.97,1,2024-08-08,GA,google_ads,2026-07-28,sms
CUST-01096,2023-09-22,2025-07-29,2,797.94,398.97,Books,0,0,0,6,2,3,0,0,2,0,11.47,0,1082.39,none,0,0,0.0,0,2023-08-28,WA,organic,2026-06-10,email
CUST-01097,2026-07-19,2026-08-27,3,441.44,147.15,Books,7,5,12,8,4,2,1,1,7,4,25.05,1,448.32,none,0,0,0.0,0,2026-07-09,OH,referral,2026-08-02,sms
CUST-01098,2021-09-26,2026-03-27,36,12115.08,336.53,Toys,37,5,42,129,32,50,9,10,36,0,44.65,0,16578.89,none,0,0,0.0,0,2021-09-17,NY,social_media,2026-08-16,
CUST-01099,2025-06-23,2026-08-08,4,2790.09,697.52,Fashion,25,1,26,11,1,2,0,0,4,0,26.55,0,2900.06,none,0,0,0.0,0,2025-06-09,NJ,referral,2026-07-26,sms
CUST-01100,2023-06-11,2026-07-22,10,966.06,96.61,Fashion,19,3,22,14,2,1,8,7,11,1,31.89,1,1329.89,none,0,0,3.95,1,2023-05-25,MI,email,2026-06-09,app
CUST-01101,2024-06-05,2025-12-14,3,1120.15,373.38,Beauty,0,0,0,3,1,5,0,0,3,0,43.85,0,1444.58,none,0,0,5.0,0,2024-05-26,NY,email,2026-08-14,sms
CUST-01102,2022-04-21,2026-08-31,37,14208.9,384.02,Beauty,271,12,283,110,30,68,6,5,86,49,2.6,1,17291.07,none,0,0,4.26,0,2022-04-21,AZ,google_ads,2026-07-31,push
CUST-01103,2023-01-27,2026-08-20,48,13041.79,271.7,Beauty,96,105,201,180,70,69,9,10,55,7,27.05,1,18307.32,none,0,4,4.82,8,2023-01-14,CO,social_media,2026-08-03,email
CUST-01104,2024-07-30,2026-08-17,71,2581.53,36.36,Home & Garden,123,100,223,200,76,100,29,26,71,0,9.73,0,3527.23,none,0,9,,0,2024-07-25,PA,referral,2026-08-14,push
CUST-01105,2023-10-11,2026-04-16,32,9986.59,312.08,Food,78,14,92,40,12,34,6,5,34,2,18.86,0,13876.72,none,0,1,5.0,4,2023-10-02,PA,email,2026-06-04,app
CUST-01106,2024-01-29,2026-08-12,13,2284.87,175.76,Toys,56,15,71,39,22,16,6,6,17,4,43.54,0,2768.06,none,0,1,4.24,0,2024-01-20,FL,direct,2026-06-20,email
CUST-01107,2026-01-05,2026-08-20,7,692.33,98.9,Beauty,74,19,93,13,4,2,2,2,35,28,19.26,0,692.33,none,0,1,4.16,1,2025-12-09,MI,social_media,2026-08-27,sms
CUST-01108,2025-01-26,2026-08-12,5,4511.18,902.24,Beauty,27,1,28,8,3,2,1,1,5,0,40.55,0,4797.18,active,59,0,4.96,0,2024-12-30,NC,direct,2026-06-26,
CUST-01109,2022-12-30,2026-08-21,91,3469.46,38.13,Home & Garden,413,32,445,130,20,16,49,50,93,2,36.02,1,4625.16,none,0,4,0.0,0,2022-12-27,NJ,google_ads,2026-06-23,sms
CUST-01110,2022-03-22,2025-07-20,5,594.09,118.82,Fashion,1,1,2,7,2,6,0,0,5,0,4.71,0,725.8,inactive,18,0,,0,2022-03-16,TX,referral,2026-08-16,app
CUST-01111,2022-01-15,2025-07-12,4,0.0,0.0,Home & Garden,1,0,1,11,1,0,0,0,4,0,11.38,1,0.0,inactive,26,0,3.56,1,2022-01-07,NY,social_media,2026-08-04,app
CUST-01112,2023-03-25,2026-08-13,47,3932.45,83.67,Home & Garden,108,114,222,103,39,16,36,38,56,9,10.39,0,4595.47,none,0,5,4.35,3,2023-03-17,AZ,social_media,2026-06-27,app
CUST-01113,2024-10-10,2026-08-04,28,6350.97,226.82,Beauty,81,94,175,65,28,37,4,4,36,8,39.03,0,6970.39,none,0,3,3.06,6,2024-10-10,,google_ads,2026-07-21,app
CUST-01114,2023-09-08,2026-03-08,38,7885.88,207.52,Home & Garden,32,35,67,104,28,39,9,10,38,0,41.17,3,10771.23,none,0,1,4.31,8,2023-08-18,GA,organic,2026-08-02,sms
CUST-01115,2022-12-07,2026-04-12,40,10912.34,272.81,Home & Garden,77,51,128,119,13,68,10,9,40,0,23.99,2,12287.62,active,52,0,,1,2022-11-22,OH,direct,2026-08-03,sms
CUST-01116,2025-10-21,2026-08-19,4,6000.71,1500.18,Home & Garden,15,12,27,15,2,6,0,0,6,2,16.7,0,8915.27,none,0,0,4.99,0,2025-10-14,MA,organic,2026-06-25,push
CUST-01117,2024-09-03,2026-08-17,11,209.55,19.05,Sports,162,78,240,33,18,21,3,2,16,5,1.79,0,246.75,active,53,1,0.0,0,2024-08-28,MA,social_media,2026-08-08,email
CUST-01118,2021-08-06,2026-03-13,30,5280.78,176.03,Books,41,6,47,74,42,43,7,7,33,3,1.0,2,7472.66,inactive,33,2,0.0,0,2021-07-08,CO,email,2026-07-11,app
CUST-01119,2023-11-16,2026-08-26,41,14307.52,348.96,Fashion,160,190,350,56,12,77,7,7,60,19,37.48,0,18002.87,none,0,1,3.78,3,2023-11-10,,referral,2026-06-06,sms
CUST-01120,2024-10-24,2026-08-21,78,2686.43,34.44,Beauty,250,219,469,200,100,100,50,48,87,9,45.46,2,3802.44,none,0,1,4.04,17,2024-10-14,PA,referral,2026-08-06,
CUST-01121,2022-04-04,2025-06-10,2,634.78,317.39,Beauty,0,0,0,3,0,3,0,0,2,0,18.83,0,673.05,none,0,0,4.45,0,2022-04-04,OH,referral,2026-06-20,sms
CUST-01122,2023-02-27,2026-08-21,51,13291.2,260.61,Food,461,297,758,73,21,67,6,5,67,16,49.02,1,16771.35,none,0,4,4.87,7,2023-02-14,GA,referral,2026-06-16,email
CUST-01123,2026-07-11,2026-08-31,1,280.84,280.84,Food,7,2,9,1,0,0,0,0,19,18,22.57,2,322.83,none,0,0,0.0,0,2026-07-05,PA,direct,2026-06-05,push
CUST-01124,2025-08-30,2026-08-18,12,385.92,32.16,Fashion,136,29,165,20,5,20,3,2,34,22,10.42,0,495.54,none,0,0,4.37,2,2025-08-21,AZ,google_ads,2026-07-02,email
CUST-01125,2025-10-06,2026-08-18,19,4206.33,221.39,Beauty,35,36,71,20,3,12,3,3,22,3,24.81,0,4206.59,none,0,0,4.07,0,2025-09-30,WA,organic,2026-06-07,email
CUST-01126,2025-01-19,2026-08-22,7,547.26,78.18,Fashion,91,24,115,18,5,6,1,0,8,1,22.57,0,614.29,active,7,0,4.33,1,2025-01-14,IL,direct,2026-08-05,app
CUST-01127,2024-09-17,2026-07-13,18,2588.71,143.82,Books,88,25,113,61,21,1,15,12,23,5,43.88,0,3305.64,none,0,2,4.38,1,2024-09-02,FL,referral,2026-08-06,push
CUST-01128,2024-12-30,2025-05-09,4,922.96,230.74,Home & Garden,1,0,1,8,1,5,0,0,4,0,41.59,0,1227.09,none,0,0,0.0,0,2024-12-16,CO,google_ads,2026-06-11,app
CUST-01129,2023-03-27,2026-08-02,14,1283.2,91.66,Home & Garden,59,30,89,55,22,18,6,6,35,21,48.02,0,1428.14,none,0,0,4.95,3,2023-03-15,NJ,social_media,2026-07-04,
CUST-01130,2024-07-29,2026-08-27,11,483.38,43.94,Beauty,128,57,185,39,16,19,2,1,36,25,19.13,1,661.58,none,0,0,4.56,2,2024-07-14,FL,social_media,2026-08-10,push
CUST-01131,2023-03-04,2026-07-29,14,1445.38,103.24,Sports,24,47,71,42,22,18,8,6,32,18,3.55,0,1519.24,inactive,11,1,5.0,3,2023-02-03,FL,email,2026-07-03,email
CUST-01132,2025-04-01,2026-02-22,8,434.58,54.32,Electronics,2,0,2,8,2,9,0,0,8,0,39.17,0,604.26,none,0,0,4.42,0,2025-03-08,GA,social_media,2026-08-09,sms
CUST-01133,2023-08-04,2026-04-20,28,12322.52,440.09,Sports,19,12,31,82,13,37,4,3,32,4,38.71,1,17685.64,none,0,2,4.7,3,2023-08-01,NC,email,2026-06-27,app
CUST-01134,2025-04-15,2026-08-27,112,3116.95,27.83,Fashion,187,265,452,200,71,81,50,46,112,0,15.14,1,4141.77,active,7,11,4.54,12,2025-03-27,WA,organic,2026-06-25,push
CUST-01135,2024-03-03,2026-08-24,80,2584.53,32.31,Beauty,149,2,151,179,23,46,50,45,81,1,7.77,0,3264.07,none,0,5,0.0,0,2024-02-28,NJ,referral,2026-06-17,app
CUST-01136,2025-03-10,2026-08-25,8,645.46,80.68,Electronics,72,7,79,20,10,6,2,1,46,38,2.44,0,730.85,none,0,0,4.75,0,2025-02-14,GA,direct,2026-08-24,email
CUST-01137,2026-08-21,2026-08-21,1,143.9,143.9,Fashion,2,0,2,3,0,0,0,0,10,9,29.99,0,148.32,none,0,0,5.0,0,2026-08-20,AZ,social_media,2026-07-26,sms
CUST-01138,2024-09-07,2026-07-21,15,2371.28,158.09,Sports,19,38,57,19,8,15,9,9,15,0,11.17,0,3375.78,none,0,0,3.47,3,2024-08-14,IL,referral,2026-06-21,email
CUST-01139,2021-12-16,2026-08-23,77,16945.83,220.08,Electronics,554,263,817,92,16,100,9,8,84,7,48.96,1,22280.36,none,0,8,4.31,20,2021-11-22,CO,referral,2026-06-22,app
CUST-01140,2024-06-24,2025-06-15,3,542.81,180.94,Fashion,0,0,0,11,1,3,0,0,3,0,35.76,1,665.63,none,0,0,0.0,0,2024-06-22,NY,email,2026-07-20,push
CUST-01141,2026-01-28,2026-08-21,18,481.8,26.77,Food,177,51,228,40,18,0,4,3,20,2,47.95,0,608.77,none,0,0,0.0,0,2026-01-18,NY,referral,2026-07-24,sms
CUST-01142,2023-01-05,2026-07-17,12,1588.98,132.42,Home & Garden,15,35,50,30,5,1,5,4,16,4,43.01,2,2250.26,none,0,0,3.5,1,2023-01-05,,email,2026-07-19,email
CUST-01143,2022-09-26,2026-07-27,20,1858.54,92.93,Fashion,91,22,113,61,16,25,14,12,26,6,19.05,0,2127.36,none,0,2,0.0,0,2022-08-31,CA,referral,2026-08-23,app
CUST-01144,2024-04-20,2026-07-22,11,1371.27,124.66,Home & Garden,52,11,63,32,3,6,6,5,12,1,30.9,1,1473.06,none,0,0,0.0,0,2024-04-12,CO,social_media,2026-08-08,push
CUST-01145,2024-11-13,2026-08-17,10,5921.41,592.14,Beauty,23,38,61,10,1,2,2,2,13,3,14.43,1,6123.58,inactive,3,0,4.21,0,2024-10-31,MI,,2026-06-23,email
CUST-01146,2022-04-06,2026-01-07,5,984.23,196.85,Sports,0,1,1,13,7,8,0,0,5,0,41.54,1,1244.06,active,9,0,4.15,1,2022-03-13,OH,organic,2026-06-23,push
CUST-01147,2026-01-28,2026-08-16,9,640.71,71.19,Food,61,0,61,10,4,9,2,2,19,10,19.22,0,903.62,none,0,0,3.77,1,2026-01-17,NJ,organic,2026-07-28,email
CUST-01148,2022-08-06,2026-02-16,5,535.93,107.19,Beauty,2,0,2,6,2,8,0,0,5,0,35.03,0,740.14,active,14,0,3.64,0,2022-07-28,TX,email,2026-08-11,app
CUST-01149,2023-04-18,2025-08-24,3,670.44,223.48,Books,1,0,1,5,0,0,0,0,4,1,4.48,2,980.69,none,0,0,4.95,0,2023-04-14,IL,google_ads,2026-06-23,sms
CUST-01150,2024-02-15,2025-04-23,8,352.34,44.04,Home & Garden,2,0,2,10,5,4,0,0,9,1,29.54,1,490.06,none,0,0,4.14,0,2024-02-05,GA,google_ads,2026-07-02,sms
CUST-01151,2022-09-29,2025-09-18,0,0.0,0.0,Books,0,0,0,0,0,0,0,0,0,0,5.52,0,0.0,none,0,0,0.0,0,2022-09-29,NY,email,2026-06-05,email
CUST-01152,2023-08-08,2026-01-22,8,644.93,80.62,Books,3,0,3,14,6,6,0,0,9,1,33.13,0,666.05,none,0,1,0.0,0,2023-08-01,CO,referral,2026-08-17,push
CUST-01153,2026-07-11,2026-08-14,1,480.5,480.5,Home & Garden,4,3,7,3,0,0,0,0,4,3,48.99,0,580.62,none,0,0,0.0,0,2026-06-22,TX,direct,2026-08-24,app
CUST-01154,2022-12-23,2025-12-19,0,0.0,0.0,Beauty,0,0,0,0,0,0,0,0,1,1,36.54,0,0.0,active,21,0,3.84,0,2022-12-02,GA,direct,2026-06-05,email
CUST-01155,2026-07-29,2026-08-31,3,333.99,111.33,Beauty,5,6,11,4,1,2,1,1,8,5,39.37,1,487.93,inactive,49,0,4.37,0,2026-07-07,MI,organic,2026-08-18,push
CUST-01156,2025-03-02,2026-08-14,14,3355.57,239.68,Food,47,41,88,27,10,5,8,9,15,1,40.51,0,3413.44,active,45,0,,2,2025-02-16,IL,organic,2026-07-31,app
CUST-01157,2021-05-17,2026-05-09,37,11486.56,310.45,Fashion,68,38,106,139,75,21,8,8,43,6,16.86,0,16652.52,none,0,2,3.83,3,2021-04-20,OH,direct,2026-08-10,app
CUST-01158,2021-05-13,2026-03-22,47,13167.9,280.17,Food,112,1,113,147,44,67,11,8,47,0,9.45,0,17964.16,inactive,29,1,3.41,10,2021-04-19,FL,social_media,2026-07-21,app
CUST-01159,2025-04-09,2026-08-12,12,6776.23,564.69,Books,19,22,41,36,12,14,2,1,24,12,45.28,0,7809.75,none,0,1,3.95,2,2025-03-19,TX,referral,2026-07-05,email
CUST-01160,2024-03-20,2026-07-05,19,1080.58,56.87,Food,104,57,161,57,7,7,15,12,20,1,27.2,0,1200.56,none,0,1,0.0,0,2024-02-26,PA,social_media,2026-07-02,app
CUST-01161,2026-07-14,2026-08-21,2,303.28,151.64,Beauty,11,3,14,6,1,3,0,0,22,20,27.89,1,430.7,active,10,0,4.11,0,2026-06-17,OH,,2026-07-15,push
CUST-01162,2024-01-19,2026-08-08,12,341.98,28.5,Toys,179,44,223,18,7,5,2,1,12,0,21.56,0,373.71,none,0,0,3.96,3,2024-01-15,MI,email,2026-08-27,email
CUST-01163,2025-07-10,2026-08-17,20,6864.62,343.23,Fashion,117,21,138,28,9,32,3,2,33,13,7.39,0,10142.53,none,0,0,4.63,0,2025-07-03,NJ,organic,2026-07-26,email
CUST-01164,2023-11-07,2026-08-11,17,1766.75,103.93,Fashion,21,25,46,62,34,4,9,8,26,9,30.59,0,2289.65,active,29,2,0.0,0,2023-10-31,MI,organic,2026-07-29,push
CUST-01165,2022-05-22,2026-08-23,39,10963.75,281.12,Books,239,2,241,131,30,63,4,3,40,1,49.28,0,11560.31,active,19,0,4.26,1,2022-05-13,NC,google_ads,2026-08-28,email
CUST-01166,2025-04-06,2025-11-07,0,0.0,0.0,Beauty,0,0,0,0,0,0,0,0,0,0,41.03,0,0.0,none,0,0,4.06,0,2025-04-05,CA,google_ads,2026-07-11,sms
CUST-01167,2024-04-05,2026-08-24,92,4767.46,51.82,Electronics,245,38,283,200,100,100,47,48,92,0,23.09,0,5519.0,none,0,12,3.89,26,2024-03-11,OH,email,2026-06-14,push
CUST-01168,2023-12-25,2026-08-18,19,1194.57,62.87,Beauty,51,45,96,40,11,4,8,9,23,4,28.14,0,1276.24,none,0,0,,5,2023-12-08,AZ,referral,2026-06-07,app
CUST-01169,2022-12-11,2026-08-25,122,3480.06,28.53,Fashion,434,245,679,200,100,98,50,42,132,10,14.5,0,4878.37,none,0,5,0.0,0,2022-12-03,NJ,google_ads,2026-07-02,push
CUST-01170,2025-11-30,2026-08-10,10,905.06,90.51,Books,133,82,215,33,7,9,3,3,12,2,29.46,2,1094.45,none,0,0,3.36,1,2025-11-13,NY,direct,2026-08-17,app
CUST-01171,2024-07-15,2026-08-25,11,511.99,46.54,Food,91,73,164,37,21,4,2,2,36,25,11.7,0,616.54,none,0,0,4.04,1,2024-06-26,,referral,2026-07-05,push
CUST-01172,2026-07-06,2026-08-27,1,473.51,473.51,Beauty,3,1,4,1,0,0,0,0,21,20,28.73,3,708.19,none,0,0,3.42,0,2026-07-03,FL,email,2026-07-13,push
CUST-01173,2022-06-12,2026-08-26,57,15105.68,265.01,Toys,153,29,182,152,90,16,6,5,65,8,14.72,0,18311.68,none,0,7,0.0,0,2022-06-07,OH,google_ads,2026-06-30,push
CUST-01174,2024-11-10,2025-10-17,5,1015.68,203.14,Sports,1,0,1,7,1,5,0,0,5,0,23.4,1,1397.38,none,0,0,3.98,1,2024-10-26,MI,google_ads,2026-07-02,
CUST-01175,2023-08-27,2026-05-24,49,9189.11,187.53,Toys,69,30,99,137,69,82,12,12,56,7,19.18,1,13423.01,none,0,5,4.37,2,2023-08-12,MI,social_media,2026-06-04,email
CUST-01176,2022-07-25,2026-08-18,57,2799.78,49.12,Electronics,133,84,217,132,13,26,27,25,57,0,3.39,0,3995.55,none,0,3,4.29,3,2022-07-10,OH,google_ads,2026-08-28,email
CUST-01177,2024-03-28,2026-08-24,70,2365.04,33.79,Home & Garden,158,168,326,158,64,56,43,35,72,2,42.76,1,3526.07,none,0,4,3.76,1,2024-03-02,IL,referral,2026-06-12,push
CUST-01178,2023-07-14,2026-08-10,19,1982.75,104.36,Books,56,11,67,34,7,18,11,11,25,6,38.86,1,2186.57,active,33,0,0.0,0,2023-07-01,OH,google_ads,2026-07-18,
CUST-01179,2024-06-12,2026-08-16,15,491.28,32.75,Food,146,93,239,37,12,11,3,3,20,5,3.17,0,701.87,none,0,1,5.0,3,2024-06-06,MA,social_media,2026-08-27,sms
CUST-01180,2022-11-11,2026-07-18,17,2341.15,137.71,Home & Garden,69,1,70,18,8,6,12,12,41,24,41.77,0,3062.71,active,23,1,3.41,4,2022-10-22,AZ,referral,2026-07-15,app
CUST-01181,2024-10-28,2025-07-02,4,1518.11,379.53,Sports,1,0,1,9,3,3,0,0,4,0,35.1,0,2148.64,none,0,0,0.0,0,2024-10-16,TX,organic,2026-07-10,push
CUST-01182,2024-01-19,2026-08-17,9,3032.76,336.97,Fashion,47,31,78,15,7,10,4,4,18,9,13.81,2,3391.02,active,10,1,4.61,2,2023-12-25,NJ,social_media,2026-06-05,sms
CUST-01183,2024-02-09,2026-08-20,15,689.04,45.94,Food,122,51,173,19,3,25,5,4,41,26,4.04,0,988.15,none,0,0,4.91,2,2024-01-22,AZ,email,2026-08-31,email
CUST-01184,2026-07-13,2026-08-19,1,376.79,376.79,Toys,6,0,6,2,1,0,0,0,6,5,15.44,0,559.29,inactive,35,0,0.0,0,2026-06-15,WA,email,2026-07-03,sms
CUST-01185,2021-05-11,2026-05-21,42,8906.96,212.07,Books,66,24,90,94,39,55,7,6,45,3,22.16,0,10301.86,inactive,8,2,4.21,0,2021-04-14,NY,referral,2026-06-30,app
CUST-01186,2023-04-02,2026-07-08,8,2143.94,267.99,Toys,37,27,64,16,7,10,3,3,9,1,34.18,0,3187.02,none,0,0,0.0,0,2023-03-27,WA,organic,2026-07-17,push
CUST-01187,2021-05-11,2025-11-15,0,0.0,0.0,Food,0,0,0,0,0,0,0,0,0,0,17.51,1,0.0,inactive,10,0,5.0,0,2021-04-22,GA,direct,2026-06-22,sms
CUST-01188,2024-07-16,2026-07-13,12,2444.14,203.68,Toys,23,41,64,32,10,21,10,9,24,12,3.2,2,2823.69,none,0,0,3.46,0,2024-06-26,CA,social_media,2026-07-16,app
CUST-01189,2024-09-29,2026-08-02,16,2262.93,141.43,Sports,92,23,115,26,10,13,9,9,17,1,31.67,0,2624.05,none,0,0,4.01,2,2024-09-24,MA,direct,2026-06-28,email
CUST-01190,2024-01-25,2025-10-12,3,715.72,238.57,Sports,0,0,0,3,0,2,0,0,4,1,18.76,0,876.44,none,0,0,0.0,0,2024-01-24,AZ,referral,2026-07-18,push
CUST-01191,2025-04-21,2026-08-27,13,650.71,50.05,Toys,60,25,85,34,16,3,4,4,32,19,21.3,0,889.77,none,0,0,5.0,0,2025-04-01,PA,referral,2026-07-22,app
CUST-01192,2026-08-14,2026-08-29,1,265.65,265.65,Sports,4,2,6,3,0,1,0,0,9,8,48.85,0,322.25,none,0,0,4.8,0,2026-07-16,NY,organic,2026-06-27,sms
CUST-01193,2022-11-12,2026-02-03,6,655.59,109.26,Sports,1,1,2,13,4,4,0,0,6,0,39.3,0,954.49,inactive,53,0,3.19,1,2022-10-20,NC,email,2026-07-04,sms
CUST-01194,2024-07-15,2026-07-17,15,1736.82,115.79,Fashion,73,50,123,59,27,26,11,9,16,1,5.51,2,2321.05,none,0,0,4.44,0,2024-07-09,TX,email,2026-08-07,sms
CUST-01195,2025-04-14,2025-09-19,6,858.52,143.09,Beauty,1,1,2,6,1,5,0,0,6,0,27.94,0,1040.31,none,0,0,0.0,0,2025-04-12,NJ,google_ads,2026-08-12,email
CUST-01196,2025-02-18,2026-08-19,8,6848.94,856.12,Books,51,1,52,24,5,4,2,2,11,3,39.5,0,9785.93,active,5,0,5.0,1,2025-02-04,FL,direct,2026-08-17,sms
CUST-01197,2026-07-08,2026-08-16,2,356.76,178.38,Sports,12,0,12,2,0,2,0,0,6,4,3.4,0,358.2,none,0,0,4.02,0,2026-06-20,GA,social_media,2026-07-04,sms
CUST-01198,2024-01-04,2025-07-07,4,325.56,81.39,Toys,1,0,1,4,1,1,0,0,4,0,33.03,0,330.1,none,0,0,0.0,0,2023-12-14,NY,email,2026-08-01,email
CUST-01199,2026-08-27,2026-08-27,2,82.59,41.3,Electronics,6,2,8,6,2,1,0,0,5,3,21.37,1,91.33,none,0,0,4.3,0,2026-08-24,AZ,email,2026-08-21,push
CUST-01200,2023-08-07,2026-03-14,46,12345.44,268.38,Electronics,42,23,65,77,31,3,8,7,48,2,43.79,1,13469.38,none,0,0,4.08,2,2023-07-10,IL,google_ads,2026-06-17,app
CUST-01201,2025-08-21,2026-08-09,30,7039.72,234.66,Books,161,28,189,107,57,19,6,6,34,4,45.56,1,9406.86,none,0,0,0.0,0,2025-08-18,NY,email,2026-06-20,push
CUST-01202,2023-05-08,2026-08-17,56,2626.16,46.9,Electronics,104,75,179,109,63,98,27,24,59,3,13.93,1,3701.88,none,0,5,3.64,5,2023-04-16,OH,direct,2026-06-30,app
CUST-01203,2024-01-19,2026-08-17,9,380.08,42.23,Food,99,28,127,31,11,5,2,1,32,23,35.56,0,473.24,active,49,0,5.0,0,2023-12-22,NC,social_media,2026-07-01,push
CUST-01204,2021-11-24,2025-08-07,10,974.42,97.44,Fashion,2,1,3,36,15,16,0,0,11,1,7.67,2,1228.92,none,0,1,4.76,1,2021-11-08,NJ,referral,2026-08-18,app
CUST-01205,2024-04-20,2026-08-17,8,471.75,58.97,Sports,69,26,95,21,12,12,2,1,13,5,27.01,2,678.55,none,0,0,0.0,0,2024-04-09,CA,referral,2026-08-24,push
CUST-01206,2024-04-25,2026-08-10,9,536.08,59.56,Beauty,74,3,77,22,10,12,2,2,12,3,41.54,0,633.24,active,7,1,0.0,0,2024-04-18,NC,social_media,2026-08-20,app
CUST-01207,2023-05-21,2026-08-12,10,1725.89,172.59,Toys,22,17,39,18,5,15,6,5,12,2,37.15,0,1941.23,none,0,0,0.0,0,2023-05-12,MI,google_ads,2026-06-15,email
CUST-01208,2025-01-16,2026-08-23,5,3417.29,683.46,Books,22,1,23,9,2,6,1,1,14,9,2.14,0,3709.31,active,30,0,0.0,0,2025-01-07,GA,google_ads,2026-08-17,email
CUST-01209,2026-07-13,2026-08-31,2,221.49,110.74,Sports,7,8,15,2,0,3,0,0,11,9,11.07,1,317.69,active,15,0,0.0,0,2026-06-24,OH,organic,2026-07-23,email
CUST-01210,2026-07-30,2026-08-16,1,428.21,428.21,Beauty,4,2,6,3,1,1,0,0,1,0,27.28,0,523.0,inactive,56,0,3.83,0,2026-07-17,PA,organic,2026-06-10,sms
CUST-01211,2025-12-24,2026-08-17,12,441.06,36.75,Food,114,35,149,43,8,21,3,3,12,0,2.95,0,642.26,none,0,1,0.0,0,2025-12-07,CO,email,2026-07-24,sms
CUST-01212,2022-01-29,2025-06-30,2,149.2,74.6,Toys,0,0,0,6,1,1,0,0,2,0,17.27,0,177.83,none,0,0,4.96,0,2022-01-12,FL,referral,2026-08-03,app
CUST-01213,2022-01-11,2025-06-13,6,588.22,98.04,Sports,2,1,3,15,6,2,0,0,6,0,25.81,2,728.86,none,0,0,4.38,0,2021-12-19,NC,email,2026-07-31,sms
CUST-01214,2022-09-17,2026-08-15,13,1654.29,127.25,Home & Garden,71,32,103,50,7,23,10,11,13,0,37.1,0,2128.39,none,0,1,4.27,2,2022-09-06,CO,direct,2026-07-06,push
CUST-01215,2024-02-19,2026-07-08,18,2462.06,136.78,Home & Garden,62,11,73,37,20,35,11,9,20,2,27.66,0,3237.69,none,0,1,0.0,0,2024-02-02,AZ,social_media,2026-08-09,push
CUST-01216,2025-08-29,2026-08-20,28,4039.94,144.28,Fashion,132,67,199,101,12,23,4,3,29,1,48.82,0,5928.68,inactive,55,2,0.0,0,2025-08-20,OH,google_ads,2026-06-30,push
CUST-01217,2025-05-18,2026-08-21,17,328.38,19.32,Fashion,239,143,382,19,2,14,5,4,21,4,33.92,0,355.83,none,0,1,3.77,2,2025-05-08,CA,google_ads,2026-06-05,app
CUST-01218,2024-12-15,2026-08-06,22,4207.72,191.26,Beauty,137,0,137,44,15,36,6,6,24,2,36.01,0,4659.23,none,0,2,0.0,0,2024-11-24,MA,direct,2026-07-14,email
CUST-01219,2024-11-28,2026-08-18,18,985.16,54.73,Toys,71,20,91,28,8,10,10,10,19,1,40.31,0,1222.08,none,0,1,4.2,2,2024-11-24,NC,referral,2026-07-27,email
CUST-01220,2026-01-09,2026-08-14,11,873.02,79.37,Fashion,108,74,182,27,6,18,3,3,27,16,42.8,1,965.18,none,0,1,3.48,1,2025-12-11,PA,social_media,2026-07-14,app
CUST-01221,2023-03-30,2026-05-16,53,11062.16,208.72,Sports,53,65,118,113,57,52,14,16,55,2,25.38,1,12538.88,active,25,4,0.0,0,2023-03-23,TX,organic,2026-08-29,email
CUST-01222,2024-08-25,2025-05-26,6,919.15,153.19,Beauty,1,1,2,15,2,3,0,0,7,1,22.26,0,1373.39,none,0,0,3.8,1,2024-08-10,IL,organic,2026-06-22,app
CUST-01223,2026-01-27,2026-08-23,9,517.17,57.46,Home & Garden,121,24,145,17,4,17,1,1,15,6,42.47,4,607.33,active,9,1,0.0,0,2025-12-29,CO,social_media,2026-07-05,sms
CUST-01224,2021-07-25,2026-02-28,10,700.14,70.01,Toys,2,2,4,26,9,13,0,0,10,0,19.88,1,832.63,active,52,1,4.67,1,2021-07-07,WA,google_ads,2026-06-07,email
CUST-01225,2026-07-28,2026-08-19,2,383.26,191.63,Books,6,1,7,3,1,0,0,0,16,14,12.46,0,394.61,inactive,29,0,5.0,0,2026-07-24,CO,direct,2026-08-25,app
CUST-01226,2023-09-05,2026-08-26,47,14359.07,305.51,Beauty,358,232,590,162,39,24,7,8,72,25,17.98,1,20973.7,inactive,49,1,4.22,11,2023-08-21,GA,social_media,2026-08-08,push
CUST-01227,2026-07-05,2026-08-21,1,548.14,548.14,Electronics,5,1,6,3,1,0,0,0,2,1,25.02,0,760.24,active,47,0,0.0,0,2026-06-07,IL,google_ads,2026-07-09,app
CUST-01228,2024-02-14,2026-08-23,115,4701.6,40.88,Fashion,240,170,410,200,90,100,50,50,122,7,9.64,0,5552.98,none,0,12,4.28,0,2024-02-01,CO,social_media,2026-06-28,app
CUST-01229,2022-02-11,2026-08-20,51,13170.54,258.25,Home & Garden,408,134,542,147,50,96,7,6,62,11,27.42,1,14335.55,inactive,55,7,4.14,3,2022-02-01,,social_media,2026-08-08,app
CUST-01230,2025-03-07,2026-08-17,75,4127.27,55.03,Toys,231,137,368,200,98,5,30,34,79,4,47.87,0,4492.0,none,0,4,4.47,18,2025-02-13,MI,social_media,2026-07-08,sms
CUST-01231,2026-08-16,2026-08-18,1,343.32,343.32,Fashion,2,2,4,3,0,1,0,0,8,7,42.05,1,422.77,none,0,0,4.77,0,2026-08-02,GA,social_media,2026-07-21,email
CUST-01232,2022-11-21,2026-08-29,78,3647.98,46.77,Electronics,343,196,539,102,58,28,44,38,87,9,37.47,0,4891.72,active,23,4,0.0,0,2022-11-15,TX,organic,2026-08-25,sms
CUST-01233,2022-08-02,2026-07-08,4,576.14,144.04,Books,10,5,15,9,3,7,1,1,18,14,5.89,0,665.9,none,0,0,0.0,0,2022-07-21,OH,social_media,2026-06-30,sms
CUST-01234,2022-10-08,2025-09-19,5,671.7,134.34,Electronics,1,0,1,8,1,0,0,0,5,0,19.3,0,714.2,inactive,14,0,4.66,0,2022-10-02,CA,direct,2026-07-25,email
CUST-01235,2022-10-08,2025-12-27,4,371.25,92.81,Sports,1,0,1,13,3,0,0,0,4,0,49.28,0,426.29,active,29,0,4.26,0,2022-09-30,TX,organic,2026-06-09,sms
CUST-01236,2023-04-09,2025-09-19,7,475.3,67.9,Books,2,1,3,23,5,11,0,0,7,0,12.31,0,542.45,active,40,0,4.17,0,2023-03-27,GA,organic,2026-08-05,email
CUST-01237,2022-08-23,2026-05-25,34,9615.19,282.8,Beauty,28,14,42,127,40,64,7,8,40,6,33.03,0,11539.84,none,0,4,0.0,0,2022-08-19,PA,google_ads,2026-08-23,email
CUST-01238,2024-11-24,2026-01-03,2,783.2,391.6,Beauty,0,0,0,4,1,1,0,0,2,0,25.01,1,1146.2,none,0,0,4.04,0,2024-11-14,CA,email,2026-08-02,sms
CUST-01239,2023-12-30,2026-08-13,15,313.6,20.91,Electronics,158,30,188,32,16,22,3,3,29,14,4.53,0,354.47,none,0,1,0.0,0,2023-12-04,NJ,referral,2026-06-24,app
CUST-01240,2024-11-11,2026-08-09,8,848.61,106.08,Fashion,33,43,76,23,4,8,2,1,9,1,37.96,0,1152.04,none,0,0,0.0,0,2024-10-30,NJ,direct,2026-07-24,push
CUST-01241,2026-08-11,2026-08-29,2,451.7,225.85,Fashion,12,4,16,3,1,1,0,0,2,0,48.57,1,674.37,none,0,0,0.0,0,2026-07-27,FL,,2026-07-05,sms
CUST-01242,2021-10-13,2025-08-22,9,799.58,88.84,Sports,3,2,5,27,7,11,0,0,11,2,25.22,0,1050.03,none,0,1,5.0,0,2021-10-11,PA,social_media,2026-08-02,app
CUST-01243,2022-07-14,2026-08-25,43,12969.57,301.62,Books,287,33,320,116,56,79,4,3,53,10,15.77,0,13099.85,none,0,5,4.16,12,2022-06-26,CO,google_ads,2026-08-13,app
CUST-01244,2023-04-07,2026-07-20,25,2450.72,98.03,Sports,35,78,113,74,18,9,12,9,33,8,11.79,0,2937.52,none,0,0,0.0,0,2023-03-18,PA,organic,2026-08-19,email
CUST-01245,2023-07-21,2026-05-20,42,8975.74,213.71,Toys,29,10,39,85,22,62,6,6,46,4,38.3,0,12668.72,active,8,0,3.49,3,2023-07-14,TX,google_ads,2026-06-10,sms
CUST-01246,2024-05-03,2026-08-23,79,3651.07,46.22,Food,181,99,280,200,50,100,33,33,79,0,14.67,0,5182.57,active,48,9,3.75,11,2024-04-11,GA,social_media,2026-08-22,email
CUST-01247,2023-10-30,2026-08-17,11,2455.31,223.21,Electronics,58,32,90,21,11,20,7,6,14,3,16.71,0,3214.55,none,0,0,0.0,0,2023-10-28,IL,social_media,2026-06-04,app
CUST-01248,2026-08-13,2026-08-25,1,206.83,206.83,Sports,3,2,5,3,0,1,0,0,5,4,28.98,1,242.95,none,0,0,4.11,0,2026-07-30,WA,organic,2026-08-08,sms
CUST-01249,2022-11-14,2025-08-12,6,395.87,65.98,Toys,1,1,2,15,1,1,0,0,6,0,37.11,0,547.08,active,29,0,4.63,0,2022-10-28,GA,google_ads,2026-06-21,email
CUST-01250,2024-12-25,2026-08-14,23,3453.83,150.17,Home & Garden,82,89,171,89,50,40,6,5,24,1,31.96,0,3624.35,none,0,1,5.0,4,2024-11-29,MA,direct,2026-08-09,push
CUST-01251,2023-02-09,2026-08-14,76,2114.24,27.82,Toys,91,226,317,173,74,35,50,45,77,1,15.73,0,2133.83,none,0,0,3.24,7,2023-02-02,TX,direct,2026-08-16,email
CUST-01252,2025-03-24,2026-08-23,8,386.92,48.37,Fashion,38,55,93,14,4,11,1,1,45,37,27.69,0,501.01,active,17,1,0.0,0,2025-02-27,IL,referral,2026-07-03,push
CUST-01253,2024-01-30,2026-08-03,18,2138.42,118.8,Toys,75,51,126,21,8,1,12,10,20,2,23.35,2,2898.27,none,0,1,0.0,0,2024-01-23,AZ,email,2026-07-30,push
CUST-01254,2024-03-07,2026-08-25,56,2468.62,44.08,Toys,199,52,251,69,31,51,34,33,67,11,27.94,2,3098.83,inactive,21,4,4.81,11,2024-02-21,CA,direct,2026-06-05,push
CUST-01255,2026-07-31,2026-08-28,2,298.59,149.3,Books,4,3,7,4,0,0,0,0,5,3,44.66,0,412.04,none,0,0,2.88,0,2026-07-18,,referral,2026-08-22,email
CUST-01256,2024-02-16,2026-02-17,7,386.87,55.27,Home & Garden,2,0,2,8,1,1,0,0,8,1,35.32,1,565.51,none,0,0,4.08,1,2024-01-20,FL,google_ads,2026-08-02,push
CUST-01257,2024-07-25,2026-08-15,90,1884.42,20.94,Toys,247,214,461,98,51,69,40,41,105,15,27.13,1,2653.66,none,0,0,4.26,22,2024-07-17,NY,organic,2026-07-22,email
CUST-01258,2025-08-03,2026-08-15,21,4058.05,193.24,Home & Garden,143,20,163,70,8,11,5,5,21,0,16.31,0,6084.6,none,0,1,,0,2025-08-03,NC,social_media,2026-07-13,push
CUST-01259,2024-04-14,2025-12-10,6,321.11,53.52,Beauty,2,0,2,20,7,11,0,0,6,0,35.27,0,373.51,active,29,0,4.31,0,2024-04-06,NC,direct,2026-06-09,push
CUST-01260,2024-10-04,2025-10-29,5,1003.87,200.77,Toys,2,0,2,11,3,9,0,0,5,0,38.71,0,1159.23,none,0,0,3.98,0,2024-09-07,PA,email,2026-06-09,app
CUST-01261,2022-08-17,2026-08-29,69,2427.43,35.18,Books,137,155,292,76,35,100,29,23,70,1,10.42,0,3247.24,none,0,3,4.71,13,2022-08-05,PA,referral,2026-06-04,email
CUST-01262,2024-01-05,2025-12-03,7,800.4,114.34,Beauty,2,0,2,17,9,0,0,0,7,0,10.61,2,1057.56,none,0,0,3.37,1,2023-12-29,MI,referral,2026-06-27,sms
CUST-01263,2023-04-13,2026-08-24,66,4276.89,64.8,Fashion,260,154,414,97,30,55,29,28,74,8,15.01,0,6331.84,active,35,7,4.35,14,2023-03-18,NY,google_ads,2026-06-21,app
CUST-01264,2023-08-29,2026-05-09,34,7688.0,226.12,Books,80,39,119,132,74,32,8,8,38,4,39.38,0,8586.48,inactive,49,4,4.93,3,2023-08-14,AZ,referral,2026-07-05,push
CUST-01265,2024-07-25,2026-08-26,22,4940.08,224.55,Fashion,143,65,208,50,8,40,4,3,34,12,49.06,1,6483.39,none,0,0,0.0,0,2024-07-25,MI,organic,2026-06-29,email
CUST-01266,2022-10-20,2026-08-18,68,1333.17,19.61,Toys,157,178,335,158,71,86,30,31,72,4,44.93,2,1433.79,active,18,10,0.0,0,2022-10-03,PA,direct,2026-07-13,sms
CUST-01267,2023-12-17,2026-08-01,25,1297.72,51.91,Electronics,41,50,91,52,10,29,15,13,32,7,41.84,0,1418.69,active,32,3,0.0,0,2023-11-23,PA,email,2026-06-04,push
CUST-01268,2024-03-14,2026-08-16,76,2065.99,27.18,Toys,150,138,288,200,71,64,41,45,76,0,47.99,0,2390.05,none,0,10,4.94,0,2024-03-07,CO,social_media,2026-08-28,sms
CUST-01269,2025-07-16,2026-08-04,33,5241.47,158.83,Fashion,72,55,127,112,16,35,9,7,54,21,48.91,0,7251.03,active,46,2,4.59,7,2025-06-17,TX,social_media,2026-06-21,app
CUST-01270,2026-08-08,2026-08-30,1,325.43,325.43,Beauty,6,3,9,1,0,0,0,0,2,1,3.95,1,406.45,none,0,0,,0,2026-07-13,OH,social_media,2026-08-14,email
CUST-01271,2022-01-11,2025-06-27,0,0.0,0.0,Food,0,0,0,0,0,0,0,0,0,0,45.66,1,0.0,none,0,0,4.11,0,2022-01-03,NY,direct,2026-06-29,app
CUST-01272,2026-08-17,2026-08-17,2,315.4,157.7,Books,10,6,16,3,1,0,0,0,2,0,19.06,1,440.22,none,0,0,4.98,0,2026-07-27,FL,referral,2026-08-01,sms
CUST-01273,2023-10-05,2026-08-23,90,2391.54,26.57,Toys,249,43,292,200,59,67,50,43,92,2,43.43,1,2458.01,none,0,1,4.31,9,2023-10-01,WA,google_ads,2026-07-26,push
CUST-01274,2026-07-11,2026-08-16,3,381.4,127.13,Home & Garden,22,0,22,9,2,4,0,0,11,8,12.88,0,406.49,none,0,0,0.0,0,2026-07-01,WA,organic,2026-08-04,push
CUST-01275,2024-12-26,2026-07-14,12,1726.12,143.84,Electronics,37,21,58,20,6,16,7,5,13,1,17.57,0,1796.03,none,0,1,0.0,0,2024-12-08,PA,email,2026-08-05,sms
CUST-01276,2025-01-25,2026-08-10,0,0.0,0.0,Electronics,0,0,0,0,0,0,0,0,2,2,41.59,0,0.0,active,44,0,0.0,0,2025-01-05,NJ,direct,2026-08-19,email
CUST-01277,2025-10-26,2026-08-11,13,38.94,3.0,Food,58,99,157,45,13,15,4,4,35,22,10.48,1,40.91,none,0,0,4.9,2,2025-10-21,OH,social_media,2026-07-05,app
CUST-01278,2023-07-19,2026-05-30,29,9061.85,312.48,Food,45,33,78,94,40,57,6,6,32,3,18.8,0,13453.07,active,20,2,0.0,0,2023-06-22,IL,social_media,2026-08-03,app
CUST-01279,2021-04-21,2026-08-21,43,12002.94,279.14,Electronics,358,201,559,54,7,26,4,4,48,5,27.85,0,14918.18,none,0,1,4.78,11,2021-03-31,NC,google_ads,2026-08-24,push
CUST-01280,2024-07-30,2026-08-14,24,4137.8,172.41,Sports,136,90,226,66,12,46,3,3,24,0,7.17,2,5695.84,none,0,2,4.6,0,2024-07-27,GA,organic,2026-08-20,email
CUST-01281,2022-10-23,2026-05-25,33,13766.72,417.17,Food,80,40,120,120,67,49,8,7,34,1,46.62,0,14055.45,none,0,2,4.32,2,2022-09-25,NC,email,2026-08-03,app
CUST-01282,2025-10-20,2026-08-16,14,6690.09,477.86,Fashion,27,37,64,37,13,27,3,3,14,0,14.95,0,8616.75,none,0,1,3.31,0,2025-10-16,AZ,social_media,2026-06-06,sms
CUST-01283,2025-08-26,2026-08-19,1,634.63,634.63,Toys,5,8,13,2,1,1,0,0,23,22,11.47,0,669.76,none,0,0,0.0,0,2025-08-20,WA,google_ads,2026-07-15,push
CUST-01284,2026-08-07,2026-08-27,2,70.65,35.32,Beauty,8,5,13,7,4,0,0,0,8,6,18.75,0,76.26,none,0,0,0.0,0,2026-07-16,MA,organic,2026-06-26,
CUST-01285,2024-06-25,2026-07-28,16,3044.08,190.25,Books,78,55,133,33,10,13,9,10,21,5,3.2,1,3328.83,none,0,0,4.07,3,2024-06-14,CO,,2026-08-22,sms
CUST-01286,2023-12-09,2026-08-30,67,2973.27,44.38,Food,280,136,416,200,59,100,40,33,68,1,35.55,2,3114.78,none,0,8,4.41,13,2023-11-20,GA,direct,2026-08-30,sms
CUST-01287,2023-06-30,2026-08-28,57,14206.95,249.24,Books,124,257,381,155,69,47,10,9,60,3,15.09,1,17725.24,none,0,7,4.31,2,2023-06-10,FL,google_ads,2026-06-06,app
CUST-01288,2021-06-22,2026-08-20,31,9711.88,313.29,Food,74,2,76,88,33,14,5,5,34,3,41.6,1,9876.11,none,0,2,4.12,2,2021-06-21,CO,google_ads,2026-07-03,app
CUST-01289,2023-04-16,2025-08-02,8,405.33,50.67,Electronics,3,1,4,12,4,0,0,0,8,0,41.78,3,528.39,active,23,0,,1,2023-04-06,PA,direct,2026-06-25,email
CUST-01290,2024-11-07,2025-07-04,8,279.25,34.91,Books,1,1,2,26,4,7,0,0,8,0,33.85,1,397.36,none,0,0,4.77,1,2024-11-05,MI,social_media,2026-08-18,email
CUST-01291,2026-01-15,2026-08-11,9,548.08,60.9,Fashion,134,27,161,19,3,4,2,1,27,18,26.89,1,746.63,active,8,1,3.55,2,2026-01-05,MA,google_ads,2026-08-19,push
CUST-01292,2025-05-06,2026-08-07,19,3986.18,209.8,Books,89,4,93,68,12,13,3,2,27,8,34.63,1,5086.64,none,0,1,3.89,1,2025-04-10,NJ,organic,2026-07-24,app
CUST-01293,2024-08-15,2026-07-25,19,1624.54,85.5,Home & Garden,100,10,110,26,10,28,10,10,27,8,38.38,1,1688.53,active,23,0,4.45,3,2024-08-11,OH,email,2026-07-24,sms
CUST-01294,2026-08-16,2026-08-29,1,221.19,221.19,Sports,2,3,5,2,0,1,0,0,2,1,3.13,1,234.61,none,0,0,0.0,0,2026-08-01,OH,social_media,2026-08-22,app
CUST-01295,2024-11-05,2026-08-17,29,5365.16,185.01,Toys,199,125,324,65,19,50,6,6,29,0,24.48,3,6043.33,inactive,38,4,0.0,0,2024-10-23,OH,direct,2026-06-23,sms
CUST-01296,2023-12-19,2026-07-29,20,1684.2,84.21,Books,91,68,159,63,28,27,16,14,22,2,37.06,0,2452.21,none,0,0,3.69,1,2023-12-05,AZ,direct,2026-08-04,push
CUST-01297,2024-07-20,2026-08-15,20,2415.52,120.78,Fashion,96,5,101,54,15,3,3,3,26,6,45.16,0,3597.81,none,0,2,4.6,1,2024-07-13,CO,organic,2026-08-17,app
CUST-01298,2026-08-17,2026-08-18,2,249.33,124.66,Food,6,7,13,6,1,2,0,0,40,38,13.12,1,296.68,none,0,0,5.0,0,2026-07-21,MA,google_ads,2026-07-18,sms
CUST-01299,2025-03-25,2026-07-19,13,1612.32,124.02,Electronics,46,10,56,44,10,24,7,6,17,4,2.53,0,2012.19,inactive,1,0,3.59,2,2025-02-26,MA,organic,2026-08-29,email
CUST-01300,2025-11-09,2026-08-18,8,518.92,64.87,Food,97,53,150,8,4,5,1,0,27,19,22.1,1,651.09,inactive,12,0,0.0,0,2025-10-16,NJ,direct,2026-06-27,push
CUST-01301,2023-03-09,2026-07-15,15,3315.83,221.06,Sports,31,18,49,45,10,13,13,13,32,17,36.12,1,4297.07,active,31,0,4.77,1,2023-03-06,NJ,referral,2026-07-07,sms
CUST-01302,2025-01-29,2025-11-26,6,800.92,133.49,Food,0,0,0,10,2,11,0,0,7,1,39.74,0,964.67,none,0,0,2.79,1,2025-01-11,IL,direct,2026-08-15,sms
CUST-01303,2021-11-25,2026-08-28,62,15824.98,255.24,Electronics,502,350,852,200,61,26,8,8,81,19,35.09,0,20587.34,none,0,9,3.68,14,2021-11-25,AZ,social_media,2026-06-29,push
CUST-01304,2022-02-24,2026-08-24,10,8238.53,823.85,Beauty,34,53,87,14,2,13,1,1,20,10,2.64,0,10137.13,inactive,3,0,4.65,2,2022-02-20,NY,referral,2026-07-05,sms
CUST-01305,2024-06-23,2026-07-17,8,3567.59,445.95,Fashion,37,17,54,18,8,15,3,3,20,12,32.66,1,5164.2,none,0,0,4.35,2,2024-06-17,FL,email,2026-07-08,app
CUST-01306,2023-11-26,2025-12-26,1,975.38,975.38,Home & Garden,0,0,0,3,0,0,0,0,1,0,17.92,0,1189.49,inactive,2,0,,0,2023-10-31,GA,email,2026-07-08,email
CUST-01307,2022-11-30,2026-08-25,64,3143.14,49.11,Books,159,31,190,118,35,82,25,28,64,0,45.03,2,4699.15,none,0,1,4.29,6,2022-11-14,CA,email,2026-07-14,sms
CUST-01308,2022-09-25,2026-08-18,14,1689.9,120.71,Beauty,82,12,94,54,19,4,7,7,24,10,37.39,1,1835.32,active,1,0,3.95,3,2022-08-31,MA,social_media,2026-08-10,app
CUST-01309,2021-06-18,2026-03-17,39,12270.82,314.64,Books,94,22,116,150,25,53,6,5,42,3,18.87,0,14812.35,inactive,41,1,3.79,3,2021-06-15,WA,direct,2026-08-30,sms
CUST-01310,2026-08-14,2026-08-19,1,565.22,565.22,Food,2,0,2,1,0,1,0,0,5,4,19.3,0,659.01,none,0,0,3.68,0,2026-07-25,PA,organic,2026-08-29,push
CUST-01311,2024-07-25,2025-04-22,3,923.32,307.77,Food,1,0,1,10,3,1,0,0,3,0,28.46,0,1362.58,none,0,0,3.65,0,2024-06-26,NY,organic,2026-06-11,push
CUST-01312,2023-06-01,2026-08-29,78,3240.23,41.54,Sports,89,74,163,128,58,70,47,50,81,3,27.25,1,3939.04,active,31,6,4.03,6,2023-05-30,TX,email,2026-08-07,sms
CUST-01313,2026-08-09,2026-08-25,2,402.54,201.27,Food,11,7,18,4,1,2,0,0,55,50,44.53,1,403.95,none,0,0,0.0,0,2026-07-19,NY,email,2026-06-06,email
CUST-01314,2025-04-13,2026-08-11,22,7684.9,349.31,Home & Garden,99,58,157,83,24,4,4,3,24,2,26.45,0,8081.37,active,55,2,4.13,4,2025-03-30,MI,direct,2026-07-05,email
CUST-01315,2024-02-09,2026-08-24,34,2358.39,69.36,Home & Garden,145,35,180,107,52,34,24,22,37,3,34.33,0,2681.04,none,0,3,4.53,8,2024-02-02,MA,referral,2026-07-30,app
CUST-01316,2021-12-12,2026-03-27,29,9968.53,343.74,Fashion,17,36,53,49,27,18,4,3,29,0,23.69,0,12864.92,none,0,1,0.0,0,2021-12-09,PA,organic,2026-07-10,email
CUST-01317,2023-07-18,2026-08-27,65,2852.94,43.89,Food,265,4,269,158,48,100,30,31,66,1,27.42,0,2960.42,none,0,4,3.65,0,2023-07-09,NY,referral,2026-07-16,sms
CUST-01318,2024-10-11,2026-08-23,65,3084.1,47.45,Books,123,175,298,200,38,74,50,46,66,1,47.1,0,3727.5,inactive,53,8,4.62,0,2024-09-30,NY,google_ads,2026-08-10,app
CUST-01319,2026-07-16,2026-08-15,1,189.62,189.62,Food,4,0,4,2,0,1,0,0,5,4,33.22,0,273.43,none,0,0,4.42,0,2026-07-12,NC,organic,2026-06-25,push
CUST-01320,2024-02-13,2026-08-19,82,3521.16,42.94,Electronics,338,126,464,200,21,100,38,37,84,2,43.66,3,3970.32,active,39,6,3.24,1,2024-01-16,PA,referral,2026-06-28,sms
CUST-01321,2023-10-25,2025-10-01,10,738.25,73.83,Books,2,2,4,13,1,10,0,0,10,0,4.72,0,1053.89,none,0,0,4.82,2,2023-10-02,NY,organic,2026-06-13,sms
CUST-01322,2026-07-19,2026-08-18,2,564.31,282.16,Beauty,9,7,16,6,0,0,0,0,3,1,39.97,2,674.85,none,0,0,4.94,0,2026-07-12,PA,referral,2026-07-07,app
CUST-01323,2021-07-15,2026-08-25,43,13888.75,322.99,Toys,86,28,114,81,9,67,4,4,43,0,12.64,1,20493.52,none,0,6,4.99,3,2021-06-16,GA,social_media,2026-07-05,sms
CUST-01324,2022-11-06,2025-10-10,3,1778.76,592.92,Home & Garden,0,0,0,11,5,3,0,0,3,0,12.88,0,1965.12,active,35,0,0.0,0,2022-10-18,,direct,2026-07-05,push
CUST-01325,2024-09-04,2026-08-23,23,5044.51,219.33,Food,99,88,187,41,4,14,3,3,26,3,40.7,1,6140.78,inactive,25,2,0.0,0,2024-08-24,MA,google_ads,2026-08-18,sms
CUST-01326,2025-12-09,2026-08-12,7,796.1,113.73,Toys,81,57,138,26,11,8,2,1,8,1,24.29,0,1025.77,none,0,0,0.0,0,2025-11-27,WA,organic,2026-08-23,push
CUST-01327,2022-06-15,2026-05-29,46,7070.68,153.71,Sports,32,28,60,50,11,18,10,8,48,2,42.78,1,9962.87,none,0,3,0.0,0,2022-05-18,IL,referral,2026-07-07,sms
CUST-01328,2023-12-20,2026-07-10,6,936.83,156.14,Food,20,14,34,16,2,7,4,4,9,3,47.75,1,1210.89,active,26,0,0.0,0,2023-11-24,NC,email,2026-07-02,push
CUST-01329,2022-04-29,2026-08-24,38,14614.56,384.59,Food,273,104,377,102,31,39,7,6,40,2,37.94,0,20578.82,active,20,0,0.0,0,2022-04-13,PA,social_media,2026-06-26,app
CUST-01330,2023-07-18,2026-04-03,29,12089.42,416.88,Electronics,51,7,58,87,25,26,8,7,31,2,18.17,0,14830.85,none,0,1,3.62,7,2023-07-09,CA,google_ads,2026-08-19,app
CUST-01331,2024-02-03,2026-08-15,98,2832.35,28.9,Books,476,5,481,200,100,100,50,50,98,0,21.27,0,3392.0,none,0,1,4.74,24,2024-01-09,CA,google_ads,2026-06-19,
CUST-01332,2022-08-06,2026-08-06,16,1744.93,109.06,Beauty,39,22,61,33,14,2,8,7,16,0,10.38,0,2383.72,none,0,1,0.0,0,2022-07-29,CO,organic,2026-06-25,app
CUST-01333,2026-08-24,2026-08-25,1,254.34,254.34,Sports,6,4,10,1,0,1,0,0,8,7,34.42,0,267.57,none,0,0,3.0,0,2026-08-06,NC,direct,2026-08-11,email
CUST-01334,2026-08-27,2026-08-27,3,180.24,60.08,Beauty,17,6,23,6,1,0,0,0,8,5,3.5,0,185.12,none,0,0,4.77,0,2026-08-15,FL,,2026-08-11,sms
CUST-01335,2022-03-14,2025-06-16,7,876.32,125.19,Books,2,1,3,24,13,2,0,0,7,0,32.62,0,1057.03,active,37,0,3.23,2,2022-02-25,PA,google_ads,2026-06-12,push
CUST-01336,2025-04-08,2026-07-27,10,2742.25,274.23,Beauty,47,32,79,16,8,2,5,5,12,2,2.09,0,3982.94,active,46,1,0.0,0,2025-04-08,CO,email,2026-06-22,sms
CUST-01337,2021-05-25,2026-01-26,2,292.48,146.24,Home & Garden,0,0,0,6,1,2,0,0,2,0,4.92,0,400.94,active,22,0,3.71,0,2021-05-14,PA,direct,2026-07-23,email
CUST-01338,2026-08-06,2026-08-17,1,504.76,504.76,Home & Garden,7,1,8,1,0,1,0,0,1,0,34.53,0,678.65,none,0,0,5.0,0,2026-08-01,IL,direct,2026-06-12,email
CUST-01339,2023-10-27,2026-08-25,87,2772.13,31.86,Sports,373,55,428,93,19,83,50,44,87,0,32.3,4,3604.97,none,0,7,4.22,10,2023-10-10,CA,referral,2026-06-28,app
CUST-01340,2022-05-24,2025-09-02,6,0.0,0.0,Food,0,1,1,18,2,8,0,0,6,0,41.65,0,0.0,none,0,0,4.73,0,2022-05-19,CO,google_ads,2026-06-22,email
CUST-01341,2026-08-13,2026-08-24,1,343.55,343.55,Sports,6,1,7,1,0,0,0,0,12,11,29.15,0,382.71,active,47,0,4.21,0,2026-08-07,GA,google_ads,2026-07-20,app
CUST-01342,2023-12-06,2025-05-14,4,907.12,226.78,Home & Garden,1,0,1,5,0,6,0,0,4,0,48.93,0,1123.31,none,0,0,3.42,1,2023-12-03,CO,organic,2026-06-05,push
CUST-01343,2022-08-21,2026-08-28,92,2659.94,28.91,Books,222,16,238,200,47,10,50,49,92,0,5.55,1,2744.62,none,0,4,0.0,0,2022-08-17,TX,,2026-07-02,push
CUST-01344,2023-06-03,2026-04-29,37,10335.47,279.34,Home & Garden,71,34,105,109,54,46,7,6,37,0,38.97,1,11608.27,none,0,3,4.18,7,2023-05-13,CA,organic,2026-06-09,email
CUST-01345,2025-03-05,2025-06-21,4,1478.2,369.55,Books,1,0,1,5,1,1,0,0,4,0,27.26,0,2028.13,active,49,0,5.0,0,2025-02-19,FL,social_media,2026-08-12,sms
CUST-01346,2025-04-12,2026-08-20,11,6473.72,588.52,Sports,75,31,106,17,1,15,3,2,11,0,32.43,0,6939.65,none,0,0,4.16,2,2025-04-01,CO,referral,2026-08-20,app
CUST-01347,2024-10-05,2026-08-30,30,4104.95,136.83,Food,95,1,96,73,12,10,6,6,43,13,48.25,0,5237.93,none,0,3,0.0,0,2024-09-09,WA,email,2026-06-23,sms
CUST-01348,2025-11-03,2026-08-16,28,5124.5,183.02,Sports,155,16,171,72,26,2,8,8,30,2,6.53,0,7415.86,active,21,2,0.0,0,2025-10-05,AZ,organic,2026-08-04,app
CUST-01349,2023-07-11,2026-08-26,102,4091.14,40.11,Sports,127,16,143,200,41,100,50,43,109,7,43.3,0,5886.83,active,48,9,2.71,7,2023-07-11,NJ,organic,2026-08-05,sms
CUST-01350,2022-02-07,2026-04-15,7,7600.89,1085.84,Books,17,7,24,15,2,1,1,0,7,0,19.0,0,10153.67,none,0,0,0.0,0,2022-01-20,GA,organic,2026-07-15,push
CUST-01351,2021-05-05,2026-08-24,70,18937.01,270.53,Toys,603,85,688,115,55,100,7,6,75,5,41.45,0,27704.17,none,0,8,3.81,12,2021-04-29,,referral,2026-06-20,sms
CUST-01352,2024-01-06,2026-08-27,9,379.18,42.13,Home & Garden,132,53,185,23,5,1,2,1,30,21,20.59,4,454.56,none,0,1,4.04,2,2023-12-16,FL,google_ads,2026-06-28,sms
CUST-01353,2024-04-02,2026-08-10,16,186.42,11.65,Food,72,34,106,48,18,24,5,5,23,7,17.25,1,208.56,none,0,0,3.39,3,2024-03-23,NJ,organic,2026-08-29,app
CUST-01354,2021-05-14,2026-06-01,35,7753.77,221.54,Electronics,72,44,116,45,25,43,9,9,35,0,30.48,0,10451.01,none,0,0,3.67,9,2021-05-04,NC,email,2026-07-24,app
CUST-01355,2023-08-05,2026-05-07,21,6951.2,331.01,Food,29,30,59,50,21,15,5,5,23,2,25.73,0,9188.95,none,0,0,0.0,0,2023-07-23,WA,organic,2026-07-09,app
CUST-01356,2022-11-28,2026-08-22,43,11458.43,266.48,Home & Garden,251,147,398,67,27,28,7,7,51,8,34.27,0,13917.6,none,0,2,3.64,9,2022-11-01,CA,google_ads,2026-07-04,sms
CUST-01357,2023-06-21,2026-08-31,34,14867.65,437.28,Toys,82,34,116,36,12,64,6,6,36,2,43.48,1,16851.35,none,0,4,3.52,1,2023-05-25,FL,social_media,2026-08-11,sms
CUST-01358,2025-04-28,2026-08-05,17,6073.33,357.25,Home & Garden,97,24,121,18,3,8,3,3,29,12,46.8,6,7390.57,inactive,34,2,3.53,2,2025-04-10,FL,organic,2026-08-04,sms
CUST-01359,2022-01-26,2026-05-07,40,7834.74,195.87,Fashion,63,42,105,62,26,70,6,5,40,0,8.09,0,10491.96,inactive,40,5,4.46,1,2022-01-06,PA,email,2026-06-14,sms
CUST-01360,2023-04-12,2026-08-28,79,2801.46,35.46,Beauty,229,75,304,200,100,50,42,43,82,3,10.66,1,3269.49,none,0,4,4.27,16,2023-04-11,MI,google_ads,2026-07-26,app
CUST-01361,2026-08-07,2026-08-21,3,173.11,57.7,Electronics,6,11,17,9,2,1,0,0,19,16,9.42,0,256.35,none,0,0,4.29,0,2026-07-15,PA,email,2026-07-03,email
CUST-01362,2022-03-03,2025-08-20,5,1054.09,210.82,Toys,2,1,3,9,5,4,0,0,6,1,34.62,2,1413.27,none,0,0,3.56,0,2022-02-24,,google_ads,2026-07-27,
CUST-01363,2023-07-29,2025-08-07,0,0.0,0.0,Beauty,0,0,0,0,0,0,0,0,0,0,25.62,0,0.0,none,0,0,5.0,0,2023-07-25,NC,google_ads,2026-07-04,sms
CUST-01364,2023-01-17,2025-09-20,1,665.08,665.08,Food,0,0,0,3,1,0,0,0,1,0,1.42,0,745.93,none,0,0,4.81,0,2022-12-26,CA,social_media,2026-08-25,push
CUST-01365,2023-03-30,2026-08-14,24,2222.33,92.6,Food,100,52,152,53,21,12,14,13,35,11,17.42,1,2459.46,inactive,39,2,3.69,2,2023-03-30,OH,organic,2026-08-10,app
CUST-01366,2026-07-23,2026-08-24,2,327.11,163.55,Fashion,7,3,10,2,1,0,0,0,15,13,27.67,1,376.62,none,0,0,3.9,0,2026-06-29,AZ,google_ads,2026-08-25,sms
CUST-01367,2023-11-02,2026-08-21,10,4321.74,432.17,Sports,32,34,66,17,7,12,5,4,12,2,8.62,0,5157.26,active,27,0,0.0,0,2023-10-05,GA,direct,2026-07-27,email
CUST-01368,2024-10-28,2026-08-13,8,2765.78,345.72,Fashion,38,19,57,29,6,1,5,4,30,22,0.38,2,4086.55,active,53,0,4.35,0,2024-10-24,MI,google_ads,2026-08-03,email
CUST-01369,2026-07-23,2026-08-16,1,321.63,321.63,Food,4,0,4,2,1,0,0,0,7,6,4.46,1,469.46,none,0,0,4.29,0,2026-06-26,NJ,referral,2026-07-04,email
CUST-01370,2023-09-08,2026-03-09,31,11162.15,360.07,Electronics,30,43,73,68,29,45,8,8,31,0,34.3,0,14496.13,active,16,4,0.0,0,2023-08-21,MI,organic,2026-08-19,sms
CUST-01371,2026-07-04,2026-08-26,1,336.98,336.98,Home & Garden,4,3,7,1,0,1,0,0,7,6,49.7,0,366.38,active,59,0,4.79,0,2026-06-17,GA,email,2026-08-02,app
CUST-01372,2024-05-11,2026-01-31,2,604.64,302.32,Books,0,0,0,5,1,1,0,0,2,0,37.6,0,903.56,active,1,0,3.79,0,2024-04-16,,organic,2026-06-13,email
CUST-01373,2024-09-15,2026-08-27,84,3690.87,43.94,Electronics,114,137,251,200,90,100,50,47,84,0,18.12,1,4084.79,none,0,2,0.0,0,2024-08-17,CO,direct,2026-08-29,sms
CUST-01374,2021-04-10,2026-02-08,4,300.59,75.15,Fashion,1,0,1,7,2,4,0,0,4,0,11.55,1,328.07,active,17,0,4.06,0,2021-04-10,CA,social_media,2026-08-23,sms
CUST-01375,2024-07-20,2026-08-13,13,3704.58,284.97,Sports,64,32,96,28,16,0,2,1,28,15,45.94,1,4476.89,none,0,0,4.78,1,2024-07-13,CA,google_ads,2026-07-05,sms
CUST-01376,2025-01-17,2026-08-26,60,2999.5,49.99,Fashion,87,105,192,200,71,16,33,34,67,7,30.35,0,3214.12,none,0,6,3.36,0,2025-01-16,FL,,2026-06-09,sms
CUST-01377,2022-10-06,2026-08-19,59,14004.68,237.37,Books,459,103,562,171,46,98,6,4,60,1,10.12,0,14506.16,none,0,0,4.02,1,2022-09-17,IL,direct,2026-06-30,app
CUST-01378,2023-12-26,2026-08-25,11,937.72,85.25,Food,137,2,139,42,5,10,4,3,11,0,11.46,0,978.91,none,0,0,5.0,0,2023-12-16,PA,referral,2026-08-04,push
CUST-01379,2024-03-28,2026-08-16,40,2639.72,65.99,Toys,149,31,180,155,31,42,27,30,40,0,49.27,2,3910.55,none,0,5,4.27,6,2024-03-23,IL,google_ads,2026-07-03,push
CUST-01380,2023-10-11,2026-08-21,21,2760.67,131.46,Food,65,50,115,28,15,34,13,12,24,3,20.06,0,4128.38,none,0,0,3.88,0,2023-10-09,GA,social_media,2026-07-22,sms
CUST-01381,2025-10-03,2026-08-31,27,3555.05,131.67,Toys,107,45,152,72,10,52,7,8,42,15,33.02,0,3643.01,active,20,2,4.8,5,2025-09-24,MA,direct,2026-06-22,push
CUST-01382,2024-07-10,2025-08-08,0,0.0,0.0,Toys,0,0,0,0,0,0,0,0,0,0,39.76,1,0.0,active,42,0,0.0,0,2024-06-17,NY,direct,2026-06-19,sms
CUST-01383,2024-07-15,2026-08-11,7,526.53,75.22,Electronics,41,52,93,10,1,1,2,1,9,2,12.29,0,758.26,none,0,0,0.0,0,2024-06-27,MI,organic,2026-08-29,push
CUST-01384,2026-08-04,2026-08-19,1,414.84,414.84,Electronics,1,3,4,1,0,0,0,0,1,0,0.74,0,480.84,none,0,0,3.91,0,2026-08-03,MI,google_ads,2026-08-01,sms
CUST-01385,2024-01-04,2026-08-25,7,737.86,105.41,Books,99,6,105,16,1,10,2,2,16,9,45.38,0,927.52,none,0,0,0.0,0,2024-01-01,MA,organic,2026-07-09,app
CUST-01386,2026-07-14,2026-08-24,2,227.16,113.58,Home & Garden,4,6,10,7,2,2,0,0,11,9,1.0,0,256.21,active,42,0,5.0,0,2026-06-20,WA,referral,2026-07-29,email
CUST-01387,2021-07-07,2026-06-02,42,13378.93,318.55,Fashion,75,33,108,75,33,11,9,7,43,1,14.7,0,16748.47,active,10,2,3.43,10,2021-06-12,NC,organic,2026-07-30,email
CUST-01388,2026-07-28,2026-08-30,3,566.0,188.67,Toys,16,3,19,5,2,0,1,1,18,15,10.53,0,831.09,none,0,0,0.0,0,2026-07-03,AZ,direct,2026-07-29,push
CUST-01389,2023-01-08,2026-03-06,24,11727.12,488.63,Home & Garden,17,21,38,26,15,47,4,3,27,3,47.75,2,13220.89,active,18,1,3.76,6,2022-12-18,MA,direct,2026-08-23,app
CUST-01390,2026-07-24,2026-08-17,2,30.17,15.09,Beauty,14,7,21,5,1,0,0,0,2,0,37.62,2,45.06,none,0,0,0.0,0,2026-07-17,AZ,email,2026-08-09,sms
CUST-01391,2023-04-07,2026-02-08,0,0.0,0.0,Food,0,0,0,0,0,0,0,0,0,0,34.47,0,0.0,none,0,0,4.85,0,2023-03-31,NC,email,2026-08-01,app
CUST-01392,2023-11-21,2025-07-29,4,691.23,172.81,Fashion,1,0,1,7,2,6,0,0,4,0,43.35,0,1013.6,active,7,0,,0,2023-11-16,MI,direct,2026-08-12,sms
CUST-01393,2026-08-20,2026-08-25,1,411.54,411.54,Sports,6,2,8,2,0,1,0,0,9,8,7.24,2,570.13,none,0,0,4.68,0,2026-08-06,OH,social_media,2026-07-06,sms
CUST-01394,2022-07-15,2026-04-07,43,11173.02,259.84,Food,89,31,120,48,9,55,9,9,45,2,21.93,0,15189.5,none,0,4,0.0,0,2022-07-12,NC,referral,2026-07-17,push
CUST-01395,2025-02-22,2026-08-24,6,256.4,42.73,Food,61,18,79,6,0,10,1,1,8,2,33.73,2,302.84,none,0,0,4.52,0,2025-02-11,TX,referral,2026-07-18,email
CUST-01396,2023-08-17,2026-08-14,70,2280.66,32.58,Beauty,301,65,366,119,37,98,29,27,72,2,12.24,1,2611.35,none,0,5,0.0,0,2023-08-16,CO,email,2026-06-16,app
CUST-01397,2026-07-12,2026-08-19,1,358.79,358.79,Electronics,7,0,7,2,0,0,0,0,1,0,41.11,0,384.64,none,0,0,4.32,0,2026-07-02,IL,social_media,2026-08-24,app
CUST-01398,2026-08-12,2026-08-13,2,305.0,152.5,Beauty,5,5,10,3,1,2,0,0,6,4,41.07,1,387.44,none,0,0,4.27,0,2026-08-12,NJ,direct,2026-08-26,push
CUST-01399,2025-10-27,2026-08-24,7,530.81,75.83,Home & Garden,73,25,98,23,3,2,2,2,11,4,20.42,0,540.64,active,35,0,0.0,0,2025-10-25,TX,direct,2026-08-10,email
CUST-01400,2025-01-03,2026-08-11,28,5397.08,192.75,Sports,133,1,134,36,15,14,4,3,30,2,1.47,0,5470.02,active,47,1,4.25,2,2024-12-20,TX,direct,2026-06-13,sms
CUST-01401,2022-10-31,2026-07-24,16,1567.45,97.97,Books,72,51,123,18,5,18,11,8,17,1,3.09,0,2073.26,active,20,0,4.33,3,2022-10-08,OH,social_media,2026-08-09,sms
CUST-01402,2022-02-17,2025-06-21,0,0.0,0.0,Beauty,0,0,0,0,0,0,0,0,0,0,15.54,0,0.0,none,0,0,0.0,0,2022-01-19,WA,social_media,2026-06-26,email
CUST-01403,2023-07-27,2025-09-18,8,726.43,90.8,Electronics,2,1,3,19,8,14,0,0,8,0,26.41,0,1084.41,active,22,0,4.41,2,2023-07-27,NY,email,2026-08-24,sms
CUST-01404,2024-12-24,2025-06-22,0,0.0,0.0,Food,0,0,0,0,0,0,0,0,2,2,18.86,0,0.0,none,0,0,0.0,0,2024-12-03,CO,social_media,2026-08-13,sms
CUST-01405,2023-09-26,2026-08-19,48,13073.61,272.37,Toys,112,114,226,123,44,12,5,4,67,19,47.39,0,14466.75,active,52,6,0.0,0,2023-09-21,FL,referral,2026-07-26,email
CUST-01406,2021-10-20,2026-04-13,34,12160.93,357.67,Beauty,49,7,56,63,27,7,6,7,34,0,7.61,1,12777.38,active,8,3,3.61,1,2021-09-23,NJ,google_ads,2026-07-23,email
CUST-01407,2023-04-05,2026-08-29,53,15077.6,284.48,Home & Garden,477,244,721,187,35,32,6,6,54,1,9.11,2,20399.1,none,0,1,4.98,4,2023-03-09,NJ,social_media,2026-07-10,email
CUST-01408,2026-08-11,2026-08-16,2,189.02,94.51,Food,13,4,17,7,3,2,0,0,11,9,28.25,2,245.18,none,0,0,3.67,0,2026-07-26,CA,organic,2026-08-23,sms
CUST-01409,2023-09-18,2026-08-20,71,3581.85,50.45,Toys,277,201,478,177,47,91,50,43,73,2,7.81,0,4549.71,none,0,4,,18,2023-08-24,NY,organic,2026-08-14,sms
CUST-01410,2026-08-06,2026-08-20,1,313.92,313.92,Home & Garden,7,2,9,3,0,1,0,0,4,3,24.28,0,437.89,none,0,0,4.28,0,2026-07-28,FL,email,2026-08-06,email
CUST-01411,2025-01-20,2025-11-07,6,879.73,146.62,Electronics,2,0,2,9,3,9,0,0,6,0,11.27,1,1111.54,inactive,28,0,3.74,0,2024-12-28,AZ,referral,2026-07-05,sms
CUST-01412,2024-07-12,2026-08-05,3,6085.46,2028.49,Fashion,7,2,9,6,2,3,0,0,15,12,48.2,0,8108.26,active,49,0,5.0,0,2024-07-04,FL,organic,2026-06-28,push
CUST-01413,2026-07-27,2026-08-22,1,191.74,191.74,Home & Garden,2,1,3,2,0,0,0,0,2,1,37.56,0,238.0,none,0,0,0.0,0,2026-07-03,CA,organic,2026-08-24,app
CUST-01414,2023-12-08,2025-09-22,7,743.58,106.23,Fashion,1,1,2,20,10,1,0,0,8,1,21.33,2,853.04,active,18,0,2.96,0,2023-11-12,NY,,2026-08-23,app
CUST-01415,2024-06-07,2026-08-20,15,582.84,38.86,Electronics,207,128,335,48,22,7,3,3,27,12,34.08,1,702.16,active,47,1,3.33,0,2024-06-07,CA,organic,2026-08-30,
CUST-01416,2022-10-24,2026-03-29,36,6871.63,190.88,Books,45,27,72,54,16,27,6,7,36,0,32.15,0,9756.08,none,0,2,,2,2022-09-27,OH,social_media,2026-08-27,
CUST-01417,2025-03-10,2025-04-28,5,885.54,177.11,Home & Garden,0,0,0,12,3,0,0,0,5,0,43.88,0,894.45,none,0,0,3.33,0,2025-03-06,CO,direct,2026-06-04,
CUST-01418,2024-08-30,2025-12-09,4,1258.63,314.66,Electronics,0,0,0,14,7,0,0,0,4,0,32.13,1,1431.59,none,0,0,4.37,0,2024-08-05,GA,email,2026-08-08,email
CUST-01419,2023-06-09,2026-03-26,39,8431.78,216.2,Fashion,59,41,100,59,19,11,8,8,39,0,3.78,0,10903.72,active,17,4,0.0,0,2023-06-01,FL,email,2026-07-19,app
CUST-01420,2023-08-29,2025-12-01,4,807.13,201.78,Fashion,1,0,1,9,3,1,0,0,5,1,0.13,0,973.58,none,0,0,0.0,0,2023-07-31,TX,social_media,2026-08-24,app
CUST-01421,2026-07-19,2026-08-24,1,427.7,427.7,Toys,3,3,6,1,0,1,0,0,7,6,40.53,0,631.58,none,0,0,3.39,0,2026-07-10,NC,organic,2026-06-14,push
CUST-01422,2024-02-15,2026-07-28,6,2044.47,340.75,Books,8,1,9,6,0,10,4,4,6,0,42.45,1,2699.06,none,0,0,3.99,1,2024-02-15,NC,referral,2026-08-27,push
CUST-01423,2023-12-20,2025-07-05,4,778.42,194.61,Toys,1,0,1,7,3,3,0,0,4,0,45.26,1,1039.63,active,56,0,4.29,0,2023-12-08,OH,google_ads,2026-07-22,sms
CUST-01424,2026-08-24,2026-08-24,2,177.0,88.5,Home & Garden,8,8,16,3,0,0,0,0,16,14,7.81,1,184.68,none,0,0,3.04,0,2026-08-12,MI,referral,2026-08-25,push
CUST-01425,2025-12-23,2026-08-11,8,567.76,70.97,Toys,31,40,71,10,1,10,2,2,37,29,4.04,0,813.18,none,0,0,4.39,1,2025-12-06,OH,email,2026-07-20,push
CUST-01426,2026-08-04,2026-08-31,2,321.51,160.76,Sports,4,1,5,7,2,1,0,0,3,1,45.41,1,472.87,none,0,0,3.25,0,2026-07-10,WA,email,2026-08-19,sms
CUST-01427,2022-08-17,2026-08-19,37,15702.72,424.4,Fashion,268,25,293,69,17,44,5,5,52,15,42.84,2,21993.84,none,0,1,3.64,9,2022-08-05,TX,,2026-07-19,app
CUST-01428,2023-07-30,2026-08-16,22,1833.84,83.36,Books,89,13,102,79,41,36,13,14,33,11,49.83,3,2184.88,active,18,1,5.0,4,2023-07-18,PA,organic,2026-08-23,sms
CUST-01429,2024-12-21,2026-08-10,10,505.83,50.58,Beauty,33,1,34,11,6,19,2,1,12,2,16.46,0,695.08,none,0,1,4.66,1,2024-12-06,NC,social_media,2026-08-02,sms
CUST-01430,2023-12-17,2026-07-21,19,1655.08,87.11,Home & Garden,79,38,117,43,22,23,10,9,19,0,29.57,0,2375.19,none,0,2,3.56,3,2023-12-10,NC,email,2026-07-08,push
CUST-01431,2025-06-29,2026-08-17,30,5063.75,168.79,Food,203,102,305,60,9,40,5,4,35,5,33.99,2,6565.76,none,0,1,4.87,3,2025-05-31,AZ,referral,2026-06-24,app
CUST-01432,2024-04-10,2026-08-21,76,2765.11,36.38,Fashion,76,192,268,137,46,100,50,50,76,0,18.44,0,4098.08,inactive,56,10,2.98,2,2024-03-19,PA,direct,2026-06-17,app
CUST-01433,2023-06-04,2026-04-28,46,8746.92,190.15,Toys,73,20,93,83,28,43,8,7,53,7,43.12,1,9684.08,active,48,1,3.86,11,2023-05-25,AZ,organic,2026-08-11,app
CUST-01434,2026-08-12,2026-08-17,1,201.3,201.3,Fashion,4,3,7,3,0,1,0,0,12,11,18.0,2,244.03,none,0,0,0.0,0,2026-08-08,CA,google_ads,2026-06-17,push
CUST-01435,2024-06-12,2025-06-27,4,646.59,161.65,Electronics,1,1,2,4,1,5,0,0,4,0,14.45,0,804.71,active,44,0,4.46,0,2024-05-24,IL,referral,2026-07-16,app
CUST-01436,2025-10-04,2026-08-19,16,1018.65,63.67,Beauty,236,78,314,29,16,10,5,4,18,2,28.07,0,1043.78,none,0,0,4.5,4,2025-10-04,TX,email,2026-06-22,email
CUST-01437,2024-07-20,2026-08-17,18,5799.34,322.19,Fashion,39,46,85,36,12,10,3,3,19,1,20.42,0,6491.31,none,0,0,4.36,2,2024-07-13,MI,google_ads,2026-07-04,sms
CUST-01438,2026-07-17,2026-08-22,3,168.2,56.07,Home & Garden,20,10,30,5,1,2,0,0,6,3,1.29,0,186.84,inactive,5,0,3.99,0,2026-06-21,TX,organic,2026-06-08,push
CUST-01439,2026-07-06,2026-08-24,1,432.59,432.59,Books,2,3,5,1,0,0,0,0,8,7,12.18,0,613.26,none,0,0,4.2,0,2026-06-10,TX,email,2026-06-12,push
CUST-01440,2024-08-20,2026-07-04,11,1365.22,124.11,Home & Garden,20,39,59,40,16,19,9,9,15,4,44.1,0,1451.78,none,0,0,4.7,2,2024-07-27,IL,social_media,2026-08-15,push
CUST-01441,2023-10-28,2026-05-15,43,12349.25,287.19,Sports,85,13,98,113,35,47,7,6,45,2,27.93,0,15503.44,none,0,6,4.49,4,2023-10-21,NJ,organic,2026-06-26,
CUST-01442,2024-11-20,2026-07-19,18,1008.66,56.04,Books,98,56,154,64,18,2,8,7,19,1,43.7,4,1420.54,none,0,1,4.28,0,2024-10-23,OH,google_ads,2026-06-24,push
CUST-01443,2026-07-12,2026-08-31,2,514.81,257.4,Home & Garden,6,7,13,5,0,1,0,0,11,9,23.21,3,739.32,none,0,0,3.12,0,2026-06-22,PA,google_ads,2026-08-27,app
CUST-01444,2023-04-02,2026-07-26,15,2978.77,198.58,Food,32,5,37,52,23,6,13,10,17,2,1.08,0,3246.98,none,0,2,5.0,2,2023-03-19,IL,direct,2026-07-22,push
CUST-01445,2024-03-25,2026-08-21,13,582.33,44.79,Food,153,72,225,16,4,12,4,4,23,10,5.85,0,656.49,none,0,0,4.67,2,2024-03-22,TX,social_media,2026-07-24,push
CUST-01446,2023-09-25,2026-08-22,63,18251.44,289.71,Sports,605,168,773,141,46,83,11,12,69,6,18.17,4,20367.59,inactive,43,1,3.7,10,2023-08-30,IL,google_ads,2026-08-08,push
CUST-01447,2024-04-15,2025-07-31,3,360.29,120.1,Toys,0,0,0,3,1,0,0,0,4,1,33.64,1,444.54,none,0,0,3.42,0,2024-04-05,WA,social_media,2026-07-12,push
CUST-01448,2024-10-12,2026-08-22,12,372.74,31.06,Home & Garden,117,72,189,32,13,2,3,2,66,50,2.48,0,548.28,none,0,1,0.0,0,2024-10-02,CO,direct,2026-08-26,push
CUST-01449,2024-01-12,2026-08-27,6,416.91,69.49,Home & Garden,68,23,91,21,3,3,1,0,7,1,19.87,2,606.28,none,0,0,0.0,0,2023-12-15,OH,email,2026-07-08,sms
CUST-01450,2022-10-18,2025-09-18,6,925.5,154.25,Sports,1,1,2,12,6,1,0,0,6,0,12.59,0,970.18,none,0,0,4.82,0,2022-10-05,PA,google_ads,2026-06-29,email
CUST-01451,2023-03-26,2026-04-07,27,11703.1,433.45,Fashion,52,5,57,40,15,12,5,5,27,0,17.18,0,14397.29,none,0,1,4.57,5,2023-03-02,MA,social_media,2026-08-10,push
CUST-01452,2023-11-03,2026-07-10,15,2863.81,190.92,Fashion,67,29,96,44,10,8,12,13,20,5,31.41,0,4089.77,none,0,1,4.51,4,2023-10-23,PA,google_ads,2026-06-14,app
CUST-01453,2021-06-30,2025-07-18,2,846.89,423.44,Electronics,0,0,0,7,3,2,0,0,2,0,25.86,0,1087.9,none,0,0,4.74,0,2021-06-24,AZ,organic,2026-07-11,push
CUST-01454,2025-12-12,2026-08-22,12,542.57,45.21,Toys,82,51,133,43,25,0,4,4,90,50,4.5,1,795.93,none,0,1,3.36,1,2025-12-06,CA,social_media,2026-06-06,email
CUST-01455,2023-08-03,2026-08-08,20,965.43,48.27,Beauty,81,42,123,58,29,36,11,11,20,0,6.01,1,1200.31,none,0,1,0.0,0,2023-07-18,MA,social_media,2026-08-24,email
CUST-01456,2024-02-08,2026-07-23,14,3257.06,232.65,Toys,49,48,97,47,14,10,12,12,19,5,37.89,0,3516.27,none,0,1,0.0,0,2024-01-21,FL,social_media,2026-07-17,email
CUST-01457,2021-06-02,2026-08-26,50,16152.71,323.05,Beauty,327,117,444,87,48,8,5,4,75,25,28.21,0,19404.88,none,0,0,0.0,0,2021-05-21,PA,referral,2026-08-25,push
CUST-01458,2026-07-24,2026-08-18,3,178.17,59.39,Books,12,1,13,11,5,3,1,1,5,2,11.32,0,184.43,active,34,0,4.56,0,2026-07-12,TX,social_media,2026-07-02,sms
CUST-01459,2023-10-16,2025-10-07,1,1045.49,1045.49,Books,0,0,0,3,1,0,0,0,2,1,45.08,0,1244.44,active,46,0,4.59,0,2023-09-19,IL,google_ads,2026-07-04,app
CUST-01460,2023-11-08,2026-08-19,9,1903.15,211.46,Books,26,23,49,9,0,0,4,3,14,5,49.3,0,1956.12,active,53,0,3.18,0,2023-10-19,CA,referral,2026-06-13,app
CUST-01461,2023-01-18,2026-08-14,16,3773.55,235.85,Sports,67,2,69,63,7,1,9,10,17,1,23.6,0,3922.37,none,0,0,4.5,0,2023-01-04,GA,social_media,2026-06-11,app
CUST-01462,2025-10-09,2026-08-09,23,6232.11,270.96,Toys,151,72,223,67,15,22,5,4,27,4,5.85,0,8019.29,none,0,1,4.2,6,2025-09-28,NJ,direct,2026-07-04,push
CUST-01463,2021-07-13,2025-05-25,4,724.17,181.04,Sports,1,1,2,13,3,5,0,0,4,0,4.59,0,925.87,none,0,0,2.81,0,2021-06-29,OH,direct,2026-07-24,email
CUST-01464,2021-09-19,2026-05-31,35,10350.2,295.72,Sports,53,36,89,92,34,35,7,6,35,0,41.73,2,14315.73,none,0,2,4.49,2,2021-09-06,FL,referral,2026-07-13,push
CUST-01465,2021-11-07,2026-08-18,63,14389.29,228.4,Electronics,610,34,644,175,97,100,11,12,73,10,11.02,1,21428.42,none,0,2,3.6,13,2021-10-14,NC,referral,2026-06-22,email
CUST-01466,2024-10-30,2026-08-17,25,6881.98,275.28,Toys,155,79,234,75,9,37,6,5,37,12,41.62,2,8321.55,none,0,3,5.0,5,2024-10-06,OH,social_media,2026-08-20,push
CUST-01467,2021-04-22,2026-03-28,36,9338.07,259.39,Fashion,65,8,73,142,25,39,9,10,37,1,46.69,0,10514.94,none,0,3,3.87,0,2021-03-31,CA,email,2026-08-15,app
CUST-01468,2023-11-20,2026-07-24,22,1846.31,83.92,Sports,33,8,41,27,3,29,15,15,26,4,40.88,0,2694.46,none,0,2,3.87,2,2023-11-11,NC,email,2026-06-18,push
CUST-01469,2022-05-11,2026-06-03,38,9247.12,243.35,Fashion,31,46,77,109,38,55,11,10,39,1,48.89,1,12840.13,none,0,2,3.47,8,2022-04-14,NC,email,2026-07-06,push
CUST-01470,2024-05-21,2026-08-26,16,950.79,59.42,Books,49,85,134,54,12,1,5,5,17,1,46.9,0,1398.34,none,0,2,4.94,0,2024-05-04,NY,social_media,2026-06-24,push
CUST-01471,2025-08-28,2026-08-10,17,7383.15,434.3,Fashion,43,13,56,64,34,20,2,1,22,5,22.47,2,7534.01,none,0,0,3.75,0,2025-08-02,OH,email,2026-08-06,email
CUST-01472,2026-07-22,2026-08-21,3,352.92,117.64,Food,10,5,15,10,2,2,0,0,3,0,14.11,0,367.45,none,0,0,4.28,0,2026-07-19,PA,referral,2026-06-13,push
CUST-01473,2022-09-06,2026-08-30,49,14372.61,293.32,Fashion,109,174,283,189,83,9,8,7,74,25,14.32,0,19737.95,inactive,11,0,4.09,0,2022-08-11,OH,direct,2026-07-13,app
CUST-01474,2025-10-31,2026-08-18,11,250.6,22.78,Electronics,152,37,189,28,2,6,4,3,15,4,27.18,0,317.21,none,0,0,4.15,2,2025-10-10,OH,social_media,2026-07-21,push
CUST-01475,2023-12-08,2026-08-13,99,2065.58,20.86,Home & Garden,167,240,407,200,54,100,50,47,102,3,3.21,0,2433.67,none,0,6,,0,2023-11-15,NC,organic,2026-06-06,sms
CUST-01476,2024-12-02,2026-08-27,113,2816.99,24.93,Home & Garden,516,243,759,200,27,39,50,50,115,2,31.5,4,3188.87,active,33,9,3.53,0,2024-11-09,IL,google_ads,2026-07-20,push
CUST-01477,2022-05-30,2026-08-31,48,20549.91,428.12,Electronics,318,203,521,165,45,77,7,5,66,18,27.38,0,30182.59,none,0,0,4.21,2,2022-05-23,CO,email,2026-08-17,app
CUST-01478,2025-11-15,2026-08-08,2,790.41,395.2,Home & Garden,16,13,29,2,0,1,0,0,2,0,10.98,0,821.8,none,0,0,4.41,0,2025-10-22,GA,organic,2026-07-31,sms
CUST-01479,2023-09-10,2026-03-01,6,506.48,84.41,Home & Garden,0,0,0,8,4,0,0,0,6,0,24.76,1,595.97,active,50,0,4.36,0,2023-08-16,IL,social_media,2026-07-26,email
CUST-01480,2026-07-05,2026-08-21,1,196.7,196.7,Electronics,6,4,10,2,0,1,0,0,8,7,18.93,0,216.26,none,0,0,4.34,0,2026-06-21,OH,organic,2026-07-02,email
CUST-01481,2023-06-29,2026-08-16,21,2297.27,109.39,Food,58,69,127,27,12,24,12,9,26,5,1.32,0,2991.29,none,0,3,0.0,0,2023-06-29,CA,google_ads,2026-07-03,sms
CUST-01482,2025-03-08,2026-08-15,6,745.68,124.28,Home & Garden,88,17,105,16,3,6,1,0,7,1,48.68,2,991.78,none,0,0,4.4,1,2025-02-16,CO,organic,2026-07-06,email
CUST-01483,2025-04-30,2026-08-18,2,530.6,265.3,Fashion,17,13,30,4,0,2,0,0,2,0,25.6,0,570.13,none,0,0,3.86,0,2025-04-26,CA,social_media,2026-07-08,sms
CUST-01484,2024-06-17,2026-08-16,12,503.42,41.95,Books,176,92,268,21,4,15,4,3,20,8,5.77,0,646.48,active,12,0,4.2,3,2024-06-14,WA,direct,2026-07-07,sms
CUST-01485,2024-09-22,2026-07-20,11,817.13,74.28,Fashion,42,9,51,38,17,6,8,7,17,6,5.93,1,914.68,none,0,0,3.64,0,2024-08-29,AZ,referral,2026-06-25,push
CUST-01486,2022-08-21,2026-07-27,25,1538.55,61.54,Electronics,44,50,94,98,42,18,12,10,27,2,35.69,0,2194.1,none,0,3,4.75,1,2022-08-08,AZ,organic,2026-06-13,sms
CUST-01487,2023-07-12,2026-07-22,13,2521.75,193.98,Sports,55,45,100,31,9,23,11,13,17,4,17.21,0,2564.74,none,0,0,5.0,3,2023-07-12,IL,direct,2026-06-25,email
CUST-01488,2026-08-06,2026-08-30,2,601.54,300.77,Beauty,6,2,8,7,1,1,0,0,8,6,39.19,0,855.42,none,0,0,0.0,0,2026-07-13,WA,referral,2026-06-25,sms
CUST-01489,2024-06-27,2026-08-28,58,3196.49,55.11,Beauty,149,134,283,102,46,59,27,23,61,3,35.54,0,4562.55,none,0,7,0.0,0,2024-06-02,IL,organic,2026-08-22,sms
CUST-01490,2022-10-18,2026-08-21,74,14105.65,190.62,Food,648,240,888,169,98,100,7,7,78,4,33.76,1,16433.82,none,0,3,3.99,6,2022-09-29,MA,email,2026-06-16,sms
CUST-01491,2024-12-28,2026-08-31,22,7747.86,352.18,Fashion,115,44,159,41,13,0,3,2,29,7,10.94,0,10155.16,none,0,1,0.0,0,2024-12-21,CO,google_ads,2026-08-11,email
CUST-01492,2024-08-25,2026-08-05,31,4915.41,158.56,Beauty,121,37,158,51,14,39,9,9,42,11,15.3,0,5631.87,none,0,3,4.28,7,2024-08-04,IL,google_ads,2026-07-25,email
CUST-01493,2025-07-30,2026-08-25,38,2834.31,74.59,Fashion,91,168,259,123,37,71,6,5,46,8,8.9,2,4025.23,none,0,5,0.0,0,2025-07-17,CO,referral,2026-06-08,push
CUST-01494,2022-01-05,2026-08-31,18,15834.89,879.72,Sports,121,3,124,40,20,15,2,2,21,3,39.92,0,19185.33,none,0,1,4.25,2,2021-12-31,PA,email,2026-08-05,sms
CUST-01495,2022-12-09,2026-08-16,49,2290.67,46.75,Fashion,58,73,131,161,93,26,21,20,49,0,16.57,1,2483.27,none,0,7,4.49,5,2022-11-20,OH,email,2026-07-28,email
CUST-01496,2022-09-14,2026-01-13,6,1046.87,174.48,Home & Garden,2,0,2,14,2,11,0,0,6,0,10.17,0,1205.15,none,0,0,3.8,1,2022-08-22,MI,email,2026-08-03,email
CUST-01497,2024-09-18,2026-08-18,27,4308.89,159.59,Toys,199,109,308,42,14,32,7,8,34,7,1.76,0,6215.15,none,0,3,4.1,0,2024-09-04,MA,social_media,2026-06-07,email
CUST-01498,2022-11-25,2026-08-10,19,271.34,14.28,Books,35,34,69,38,10,24,16,16,25,6,33.0,0,313.5,none,0,0,4.38,5,2022-11-19,NC,organic,2026-08-26,email
CUST-01499,2023-03-05,2026-08-21,21,829.27,39.49,Home & Garden,66,63,129,71,14,7,16,16,25,4,37.63,1,928.36,none,0,2,4.39,1,2023-03-02,OH,direct,2026-07-01,sms
